ID,IT01V_packetsRecieved_ellen,IT01V_packetsRecieved_aadya,IT01V_packetsLost_ellen,IT01V_packetsLost_aadya,IT01V_frameWidth_ellen,IT01V_frameWidth_aadya,IT01V_frameHeight_ellen,IT01V_frameHeight_aadya,IT01V_totalFreezesDuration_ellen,IT01V_totalFreezesDuration_aadya,IT01V_framesPerSecond_ellen,IT01V_framesPerSecond_aadya,IT01V_bytesReceived_in_bits_s_ellen,IT01V_bytesReceived_in_bits_s_aadya,IT01V_totalProcessingDelay_ellen,IT01V_totalProcessingDelay_aadya,IT01V_jitter_ellen,IT01V_jitter_aadya,IT01V_jitterBufferDelay_emissions_ellen,IT01V_jitterBufferDelay_emissions_aadya,IT01A_bytesReceived_in_bits_s_ellen,IT01A_bytesReceived_in_bits_s_aadya,IT01A_jitterBufferDelay_emissions_ellen,IT01A_jitterBufferDelay_emissions_aadya,OT01V_packetsSent_s_ellen,OT01V_packetsSent_s_aadya,OT01V_bytesSent_in_bits_s_ellen,OT01V_bytesSent_in_bits_s_aadya,OT01V_frameWidth_ellen,OT01V_frameWidth_aadya,OT01V_framesPerSecond_ellen,OT01V_framesPerSecond_aadya,OT01V_totalPacketSendDelay_ellen,OT01V_totalPacketSendDelay_aadya,OT01V_totalPacketSendDelay_packetsSent_in_ms_ellen,OT01V_totalPacketSendDelay_packetsSent_in_ms_aadya,RIV_roundTripTime_ellen,RIV_roundTripTime_aadya,RIV_fractionLost_ellen,RIV_fractionLost_aadya,RIA_fractionLost_ellen,RIA_fractionLost_aadya,RIA_roundTripTime_ellen,RIA_roundTripTime_aadya,ROA_roundTripTime_ellen,ROA_roundTripTime_aadya,AP_totalPlayoutDelay_ellen,AP_totalPlayoutDelay_aadya
colac12,164.54292135404313,84.50133814602145,7.199999999999999,9.0,1280.0,1280.0,720.0,720.0,0.0,0.0,29.0,23.8,1376253.267666234,670807.4666773062,104.272004,122.8474316,0.025,0.0282,299.9994466666665,465.847033763441,1139.3906092494187,1049.5290980259613,352.15555555555653,357.3777777777779,78.80517276249697,152.4767578782636,623576.2394202597,1270816.980886701,1280.0,1280.0,25.0,30.0,66.8310946,8.741059,29.97733177881411,3.513786464646461,0.236893,0.09212959999999999,0.0,0.0,0.0078125,0.0,0.33937719999999993,0.08020319999999999,0.17242459999999998,0.11779479999999999,58393.9072962,99910.95888
colac23,25.20370017400303,20.0072057261268,0.0,0.0,480.0,320.0,270.0,180.0,1.264,1.8284,3.2,19.4,193175.56473272954,83454.51117442071,125.9991664,6.0612758,0.10060000000000001,0.05280000000000002,587.6654818181819,21.025087208008916,21864.79018803678,1227.304637129666,663.3541416566609,1722.859574468085,23.20337813053136,25.20764098169618,94133.13447642942,197037.0595407692,320.0,480.0,20.4,10.600000000000001,9.7493342,458.8481756,78.67910588235301,1757.2651440000002,0.25282600000000005,0.0758332,0.0,0.0,0.01953125,0.03125,0.26039140000000005,0.074228,0.26030900000000007,0.08622139999999992,58863.5740602,99277.127904
colac31,135.75087428784852,154.47685232414904,10.0,4.0,1280.0,1280.0,720.0,720.0,0.0,0.0,17.4,26.4,1160735.6171412065,1316584.893863879,93.9609714,59.4908908,0.028900000000000002,0.027500000000000004,225.60241789473665,103.30423309523816,1289.7605574003217,17570.675336414435,243.08627450980396,166.1609090909091,152.89423432425775,130.45855164711858,1291048.6266973228,1111702.4023404387,1280.0,1280.0,27.4,17.7,18.4275475,124.4264014,0.0012489566719763301,53.23313491161616,0.0643384,0.09181669999999999,0.0,0.0,0.01171875,0.0,0.07615019999999997,0.0674701,0.0735063,0.08570420000000001,58711.9113378,98958.91992
dunkeld12,138.45865937571256,37.96475366952876,0.0,28.0,1280.0,1280.0,720.0,720.0,0.875,2.5903999999999994,28.8,4.800000000000001,1147552.8659645543,319230.06748634664,55.925111,64.706876,0.026399999999999996,0.071,104.32582430107527,283.16373333333354,1489.9584770544739,1062.3773619290064,305.5914285714286,312.10000000000036,47.19046190849525,153.54984562030847,296577.208746061,1298437.2051516287,1280.0,1280.0,9.4,30.0,115.66108919999999,2.2671134,724.4203015280136,0.33073880682468715,0.06797759999999997,0.3823393999999999,0.0,0.0007812499999999972,0.005468749999999981,0.08203125,0.07403539999999997,0.39758,0.06690059999999999,0.3613802,59105.7306,102150.958752
dunkeld23,105.6905114475003,43.971853433565826,0.0,0.0,960.0,640.0,540.0,360.0,0.265,0.0,17.7,27.8,864859.7200464249,300866.56540135865,32.696165900000004,39.2014422,0.0166,0.013600000000000001,49.08287666666667,70.66286999999998,18213.56519569131,1564.7001992442229,88.8169230769231,66.26857142857149,45.11333486563966,110.71926463719387,321943.05592661636,904717.5807718392,640.0,960.0,29.7,19.1,11.9529132,2.2283573000000003,3.443315789473673,0.00112137063543754,0.0573989999999999,0.0532213,0.0,0.0,0.0,0.0,23.3,0.058043199999999934,0.0575532,0.059589899999999904,58120.3674324,100643.91456
dunkeld31,24.61852448060929,27.79678463983487,0.0,2.0,480.0,640.0,270.0,360.0,2.083,3.42,9.600000000000001,3.6000000000000005,187353.1329423504,241693.77101535234,68.82788,78.70729359999999,0.0658,0.115,225.94169403508764,470.9175636363641,1008.7544182982691,7320.318610812719,209.40350877193015,171.88444444444434,37.421376609511306,35.57953283195114,305394.58433857147,249126.04544329474,640.0,480.0,4.0,12.0,200.8666798,41.9699502,317.7072410434779,6.8391215989683225,0.09344159999999999,0.07352019999999998,0.0,0.35234375,0.09062499999999998,0.24609375,0.0558194,0.13030959999999997,0.15899359999999998,0.05715319999999992,59115.582981,101189.913408
dunkeld33,105.03893789216016,108.05619244012033,0.0,0.0,960.0,960.0,540.0,540.0,0.0,0.0,16.8,14.8,833400.3366045525,903825.9651068101,68.77018899999999,35.1647088,0.023599999999999996,0.021999999999999992,120.2890625287357,82.1455304347827,1034.9917346721602,2789.8396373171345,151.44347826086965,162.5,108.77847986206913,105.24208307843647,933441.2111327198,869598.5933772372,960.0,960.0,15.0,18.0,5.5979816,9.5200552,0.0011563369728123,0.7521163043478328,0.06667799999999999,0.05644519999999998,0.0,0.0,0.0,0.0,0.05991199999999999,0.05909139999999992,0.05824,0.05377219999999998,59289.2750646,101473.13721599999
ararat11,40.60372723506692,151.7444918188699,0.0,0.0,960.0,1280.0,540.0,720.0,5.123,0.0,3.0,29.0,316866.52220512816,1273647.9014345706,101.5697986,53.5756608,0.09679999999999998,0.031799999999999995,339.3201749999997,89.23249935483875,1308.8610862435223,5915.589145466908,321.39089481946604,297.53488372092903,152.3946303574897,46.03119882873998,1286350.631163172,345694.64940600336,1280.0,960.0,30.0,7.6000000000000005,1.1027964000000001,373.5058546,0.00110161770966384,470.5499889943068,0.0597442,0.16024609999999997,0.0,0.484375,0.0,0.194921875,0.05685719999999997,0.08299449999999994,0.05827939999999992,0.17926029999999993,60289.0193304,99753.09350399999
ararat12,147.9837484581837,152.38531424487246,0.0,0.0,1280.0,1280.0,720.0,720.0,0.0,0.0,29.0,30.0,1241754.9846976195,1293507.714760645,48.9187164,43.8524522,0.0172,0.017,70.25497333333334,58.413266666666594,1087.9781071567481,6722.078547119038,94.99999999999976,86.5317647058823,160.99724187825038,152.08769191582974,1364760.6219175947,1270676.090785109,1280.0,1280.0,30.0,28.0,0.237451,33.6667058,0.0013486338797812799,0.965652603000714,0.0542418,0.0523808,0.0,0.0,0.0015624999999999944,0.0,0.0840854,0.06032679999999998,0.05616139999999992,0.0561678,60227.616783599995,100623.347136
ararat13,151.4147345809389,114.39207279755702,0.0,0.0,1280.0,960.0,720.0,540.0,0.0,0.0,21.7,29.0,1296440.6137855106,925200.8367430076,45.417232500000004,28.6952961,0.0199,0.0183,76.34039901960784,40.045829999999995,10073.932396433996,885.9748972085137,151.45999999999998,93.92307692307723,114.66102596408888,153.52927668438656,921369.7776618557,1297888.7640766622,960.0,1280.0,30.0,20.0,5.794317,1.7855911,0.00111992727273085,0.0007952698149394101,0.0675448999999999,0.058214999999999927,0.0,0.0,0.0,0.05820312500000009,0.0547288,0.054414699999999906,0.05715199999999993,0.07730109999999994,60343.65773100001,101198.004288
ararat21,97.54696619762727,163.20129709589105,0.0,0.0,1280.0,1280.0,720.0,720.0,0.0,0.0,29.0,29.0,800868.5324008706,1386007.1687738395,40.440698399999995,33.147207,0.0202,0.015199999999999998,66.71294109396915,43.66098666666666,925.8870519484548,14989.709605189815,86.72463768115942,114.0589060308553,158.569255711623,124.81084903194565,1338905.9132845046,1023539.7528121336,1280.0,1280.0,30.0,30.0,0.49490539999999994,62.022804799999996,0.00111658730158724,9.476151049694362,0.0556004,0.0494324,0.0,0.0,0.0,0.0,0.0625304,0.046777399999999976,0.0531008,0.055673,56214.3662262,101935.110144
ararat22,151.89553189457433,110.73891039853103,0.0,0.0,1280.0,960.0,720.0,540.0,1.016,1.027,27.0,29.0,1288675.4580681596,870850.216996494,68.8798996,63.6230311,0.0318,0.020400000000000005,131.91261277915635,125.33139870967746,4679.804014632009,1275.8156415683452,415.2857142857138,135.98000000000002,112.59497153732778,155.16671401410974,913932.969192426,1323281.8865620934,960.0,1280.0,30.0,29.0,27.5860632,0.42875219999999997,0.00137915624998583,0.0008374511228761399,0.17302699999999993,0.05239679999999997,0.0,0.0,0.0,0.0,0.17783219999999994,0.05582089999999997,0.1842013,0.0570801999999999,59492.4105573,102164.377968
ararat23,32.09012787085823,51.194323000309204,0.0,0.0,320.0,640.0,180.0,360.0,1.696,0.274,29.0,25.3,119632.05245966402,357708.19730286056,17.667560599999998,20.9816422,0.0109,0.0159,37.58022413793104,204.93462028397573,1086.0401250836906,12702.03245561204,147.94999999999405,261.5714285714286,41.50378340113105,32.09700086100192,259363.97584414406,127267.36992756957,640.0,320.0,11.0,30.0,35.322730199999995,5.7979791,0.9727329490021842,0.00028361344536944,0.06700545000000001,0.05279869999999999,0.0,0.0,0.035156250000000014,0.0,0.05733414999999999,0.0454770999999999,0.06024009999999999,0.0528323,55974.99945240001,94648.470432
ararat31,28.19970485516478,89.8429825116837,0.0,1.0,960.0,1280.0,540.0,720.0,5.92,0.601,6.6000000000000005,21.400000000000002,211036.62626153204,691488.2044253517,188.4068596,147.2340406,0.0712,0.03319999999999999,860.4653742857142,349.81467137096803,25054.600812294873,10296.784854610443,249.6800000000002,1129.1723076923076,83.99748103935899,44.787096975638626,633717.2859949041,305661.14861160546,1280.0,960.0,27.400000000000002,8.8,67.65530279999999,460.1152608,43.67382689075629,897.8230541666667,0.1811978,0.1027346,0.0,0.08007812499999972,0.00390625,0.19999999999999996,0.17242079999999999,0.06211539999999998,0.1128602,0.07086479999999998,59824.557071999996,102547.32048
ararat32,39.98888985043471,162.42390517728322,0.0,0.0,480.0,1280.0,270.0,720.0,0.0,0.429,28.7,29.0,235279.80104916368,1376452.893875472,9.6768991,53.806580600000004,0.0143,0.0263,17.180509010011132,126.49214794215796,840.9120792035054,3019.4185537163603,206.41666666666674,379.9075000000002,165.09541512990043,40.681592170346605,1381363.8749843887,239026.1793065412,1280.0,480.0,29.0,29.0,3.5586546,18.3457811,2.223293090062115,0.3569677871148675,0.0486081,27.3,0.0,0.0,0.0,0.0,0.05206279999999993,21.3,0.049689000000000004,0.0652142,59194.5646257,100715.138928
bendigo11,40.70648369935748,104.68501549805772,0.0,0.0,480.0,960.0,270.0,540.0,0.609,0.0,10.0,17.0,275808.80088297324,859319.9074888946,49.8303588,59.4152331,0.05130000000000001,0.0233,208.00462619047613,107.56162000000008,1621.4313688225143,3000.082570045386,146.38000000000002,106.8865546218488,104.19626677886139,42.01622304462217,833568.5247043632,292233.4944094097,960.0,480.0,18.1,11.4,17.425871,293.26168440000004,0.0013088983050857602,8.292976431700426,0.0636976,0.0682095,0.0,0.0,0.0,0.0,0.06294559999999992,0.0572299,0.0616955,0.060475299999999996,56428.393051800005,105892.567104
bendigo12,109.08705126331601,161.2039808626188,0.0,2.0,960.0,1280.0,540.0,720.0,0.0,0.392,15.7,29.7,895568.2233582285,1378847.7192248802,66.2104001,111.912177,0.024300000000000002,0.018,113.73867499999996,183.05344700460833,13525.676520279862,4678.475983041719,134.40692307692302,90.38124999999938,158.68473076251107,106.43241127476836,1347217.4741854144,884237.3270849794,1280.0,960.0,30.0,17.1,101.6197272,5.4295129,0.16401238764041298,0.00081493608051113,0.058229300000000005,0.06471539999999999,0.0,0.0,0.0,0.0,0.06185289999999997,0.10071409999999997,0.06078805,0.06596649999999997,59344.094187,99883.030464
bendigo13,105.391942526691,143.18136619734184,0.0,0.0,960.0,1280.0,540.0,720.0,0.0,0.0,17.0,26.7,865557.3644535386,1218874.384502532,68.0369938,67.6351368,0.025,0.017300000000000003,108.75586999999999,97.3165160000001,1230.0272909652138,1447.1666824251015,133.81111111111105,86.8279220779221,143.4475706461228,109.49268631449046,1219751.420945456,886813.876238873,1280.0,960.0,24.7,17.7,3.3431927999999997,10.3687027,0.0013355503110913799,0.0010777745995378602,0.069301,0.07000009999999993,0.0,0.0,0.0,0.0,0.06473499999999993,0.07133519999999989,0.07469189999999999,0.06919060000000002,58099.4556534,98095.326864
bendigo21,31.503591589089375,93.48466194813415,0.0,0.0,320.0,1280.0,180.0,720.0,0.211,0.668,24.5,21.5,122493.53182974466,730367.6404384638,48.861931999999996,113.717303,0.028999999999999998,0.035500000000000004,109.42244999999997,289.61374999999987,1083.461662862087,23392.043645056743,655.4166666666658,233.06315789473683,101.55750444928205,31.49405474889413,835103.021221817,121825.7093857073,1280.0,320.0,23.0,29.0,150.64551849999998,1.9660755,61.77505528255527,0.00040630252100709997,0.20648199999999994,0.071495,0.029296875,0.0,0.2158203125,0.0,0.19354999999999994,0.07460049999999994,0.11499,0.07061,54789.723135,106928.67912
bendigo22,15.80676751445771,130.99206584373357,0.0,0.0,320.0,1280.0,180.0,720.0,2.6010000000000004,0.786,9.8,16.0,49460.69107825784,1093346.3246930854,35.8734556,58.0546888,0.038200000000000005,0.043000000000000003,299.48524155844166,222.56861333333353,8059.474754909081,1315.502161621904,1586.735479097299,389.0588235294118,128.58830836657478,12.187212999464132,1075926.512767303,37136.003810300026,1280.0,320.0,15.0,13.200000000000001,164.4703196,47.7590536,45.079149466498144,200.78283885135127,0.12466100000000002,0.21513040000000005,0.0,0.0,0.0,0.0,0.1384675999999999,0.15946620000000003,0.1288878,0.15720820000000005,59025.2257854,101279.602752
bendigo23,127.06124500570867,21.78924702713638,2.0,0.0,1184.0,480.0,666.0,270.0,0.196,0.244,16.1,15.0,1091855.50034102,156272.08411631436,102.6436115,81.72255879999999,0.0416,0.044000000000000004,214.20708562091457,171.2483266666667,968.4631722686698,4689.980287194106,390.7200000000002,921.0461538461537,22.115884534731638,120.49890348578114,150417.11832424696,994830.3650480189,480.0,960.0,17.4,14.7,48.259396300000006,59.5146749,22.55021287878794,9.028385609593593,0.16578629999999994,0.0660815,0.0,0.0,0.0,0.0,0.1571382,0.06629149999999993,0.16104469999999996,0.07914579999999992,58452.079077,101850.52929600001
bendigo32,154.02265892587903,156.44015864274763,2.0,1.0,1280.0,1280.0,720.0,720.0,0.0,0.0,29.0,26.8,1307919.8421909001,1356126.1825493018,38.6400274,30.4062366,0.0162,0.015,55.532029425287355,40.10976000000001,1083.6012269734047,1119.9170752729622,69.45333333333336,72.6823529411765,160.95119470541957,156.53849706041436,1366197.604068876,1329698.5319758607,1280.0,1280.0,27.6,30.0,0.25801620000000003,1.1065578,0.00119561769274794,0.7373596812124377,0.05808419999999992,0.060486,0.0,0.0,0.0,0.0,0.060013,0.057126199999999995,0.05686319999999992,0.057555799999999914,58596.1543944,99563.048352
bendigo33,145.93358428623833,154.86615497463745,2.0,0.0,1280.0,1280.0,720.0,720.0,0.0,0.491,24.0,29.0,1217439.4108955963,1306731.1864204786,42.417415399999996,35.7602036,0.026,0.0242,77.20282000000006,86.3424333333332,2999.818779591112,1558.269147909479,156.32307692307666,230.79111111111115,153.00172212946524,143.33620386111323,1286509.5275037521,1190483.953841907,1280.0,1280.0,29.8,24.0,9.2800372,24.479811599999998,2.072729541811751,9.421305149051491,0.06070219999999999,0.172763,0.0,0.0,0.0,0.0,0.0613101999999999,0.17128319999999997,0.056949199999999894,0.168457,58963.8486402,101439.10579199999
elmore11,111.19648977459235,104.5644389550438,2.0,0.3000000000000007,960.0,960.0,540.0,540.0,0.227,0.0,21.1,12.7,904769.5627563008,864783.7715536697,67.199008,54.8682016,0.022600000000000002,0.023,167.73102666666685,102.63904606060608,1083.3548021080655,1223.1435054541007,150.78571428571408,311.57875457875434,100.76923813041003,116.87173069699564,825934.3109150827,953736.9993986909,960.0,960.0,13.7,21.4,5.6794794,8.24672325,0.00136402081977857,0.8782297602299676,0.06263709999999997,0.08107120000000005,0.0,0.0,0.0,0.0,0.06378029999999993,0.08280130000000005,0.06308419999999999,0.08984280000000001,56793.705059700005,101154.536808
elmore12,108.01280307870984,41.67995418475785,0.0,1.0,960.0,640.0,540.0,360.0,0.0,0.208,15.7,8.7,874995.722495044,340165.05005344254,112.0109976,61.1164917,0.026300000000000007,0.018600000000000002,209.20932105263157,124.56167999999998,1503.53741203518,1304.89852883716,232.3529411764706,95.50000000000068,50.38084334571399,105.06089570161406,410449.2758131232,856741.0573811003,640.0,960.0,9.7,16.7,8.8235973,8.3526218,0.0016570084327419401,0.36140481460568635,0.0686815,0.11104300000000009,0.0,0.0,0.0,0.0,0.0659975,0.11279170000000009,0.07397049999999997,0.11486850000000007,59011.6004289,101524.140336
elmore13,104.72408887044031,102.041529857912,0.0,0.0,960.0,960.0,540.0,540.0,0.218,0.409,17.0,21.0,867572.4828234594,845596.3637348705,76.7855957,37.7723698,0.018,0.016,124.89900333333323,73.9464133333334,5118.958999850708,1082.6427782503627,254.21906693711978,91.66666666666666,102.01316812410329,107.44786121715487,830653.5286418325,873362.2802327386,960.0,960.0,19.7,18.4,5.303874899999999,7.833278999999999,0.0009748571428560201,0.00075439775035383,0.0602693,0.06359079999999993,0.0,0.0,0.005078125000000003,0.0,0.0497317,0.05977139999999998,0.05077349999999993,0.0660872,58872.9176595,101904.654192
elmore21,153.2987744742686,156.8662607502883,0.0,0.0,1280.0,1280.0,720.0,720.0,0.0,0.0,29.0,29.0,1264038.5276150815,1336012.3859213619,50.5847722,48.0885944,0.022,0.019100000000000002,92.22322333333334,79.61454,3596.014445764553,971.2017914094904,98.55076923076932,137.7708333333334,155.00478452572435,154.44731538281954,1299400.917602635,1302456.0773117247,1280.0,1280.0,29.0,29.9,2.0382673,7.6167458,1.4984938551547466,4.051240363372095,0.07379869999999991,0.0722946,0.0,0.0,0.0,0.0,0.0695248,0.07021759999999999,0.07832209999999999,0.0746768,60479.1575388,102634.284336
elmore22,152.44329831169406,87.01280669651602,0.0,0.0,1280.0,960.0,720.0,540.0,0.0,1.997,29.0,12.4,1262744.071389993,735263.794106705,32.7916462,31.612699199999998,0.017,0.05279999999999999,47.69131333333331,70.94265000000009,1116.929067395693,6291.3723748003495,88.0,103.67999999999998,94.83476590681114,158.5540847995027,812940.682516107,1329396.6799929407,960.0,1280.0,12.200000000000001,30.0,163.571789,2.7039716,28.810365551232174,0.48072251825163537,0.059314399999999996,0.05337499999999991,0.0,0.0,0.0,0.0,0.058446999999999916,0.04541939999999998,0.06250879999999989,0.055133199999999896,59373.109782,101566.017408
elmore23,65.40844749998641,125.68337323404867,5.399999999999999,9.2,1280.0,960.0,720.0,540.0,1.239,0.718,25.0,15.0,478739.70296400075,1030774.4110624372,64.122526,43.524471399999996,0.03079999999999999,0.032799999999999996,127.46191548387083,140.52558814814816,942.9271423318145,6028.066347509703,180.34,298.07999999999976,116.40140276778634,68.0352753082658,943475.1534722453,532655.3584897156,960.0,1280.0,17.8,28.0,13.6423688,52.2681014,0.0011902611377007598,20.67754969165855,0.0769864,0.22016879999999997,0.010937499999999961,0.021874999999999922,0.04765625,0.12343749999999998,0.0806047,0.19248079999999995,0.0718258,0.19198019999999996,59204.9921148,101593.745952
elmore31,142.99316829950408,149.44486889080235,9.0,7.0,1280.0,1280.0,720.0,720.0,0.0,0.25,24.8,28.0,1211776.047869136,1283751.6108007208,88.40736999999999,67.9149286,0.027,0.026,177.72815415959235,139.72606666666655,965.9292720555891,15780.597586780019,149.85714285714286,116.87999999999998,152.7626613912194,148.92840465697213,1306994.309302301,1237213.21566163,1280.0,1280.0,28.8,25.0,43.8982874,52.501582,7.429826269841269,10.563359658583389,0.07871419999999991,0.07219879999999988,0.0,0.0,0.140625,0.0,0.0867492,0.07904039999999998,0.0803922,0.07965419999999998,59137.545574799995,99655.866528
elmore32,161.8093233122272,162.47292368910152,1.0,3.0,1280.0,1280.0,720.0,720.0,0.0,0.237,29.0,24.8,1357978.9558158966,1384726.9449890046,39.8536466,49.6640386,0.0174,0.0252,85.53923275862064,79.53992822477652,13287.672662930318,976.0527969155465,165.58530612244905,151.83333333333306,159.90233970140125,161.73965541655102,1357312.2348820223,1380765.2333344128,1280.0,1280.0,25.8,29.0,5.2630593999999995,47.3943698,4.6714745423057895,0.27737689594356346,0.05592959999999991,0.0750825999999999,0.0,0.0,0.0,0.0,0.0578336,0.0753358,0.05624659999999992,0.07768539999999989,59341.176707399994,100412.49436799999
shep11,47.613282602550925,43.1892073403168,1.0,0.0,640.0,480.0,360.0,270.0,0.242,0.0,10.600000000000001,10.8,371674.3794631697,298255.375710321,62.9494142,31.234578999999997,0.036399999999999995,0.023599999999999996,138.40452444444458,86.87103076923053,1086.7256374135413,1657.1322146747036,173.4762684124386,126.12156862745103,42.368351151178096,48.41694992403138,294607.0329434104,353404.45959161967,480.0,640.0,11.0,10.600000000000001,22.769478999999997,17.8944618,0.0013788353863073799,3.3343633104500445,0.0802914,0.0621218,0.0,0.0,0.003906249999999986,0.0,0.0698606,0.06922880000000001,0.08094799999999999,0.0699246,59856.866937,106118.390304
shep12,50.66436428580106,35.99910673344878,3.0,4.0,640.0,480.0,360.0,270.0,0.452,3.869,16.0,6.200000000000001,382123.578164808,263321.65197058156,89.5697877,50.9513777,0.0323,0.10229999999999999,245.1773604166665,389.82340349650343,8909.303045284994,4158.841513801286,183.32949308755758,182.63888888888954,34.35185826784864,52.41015526591212,268054.4915672591,385305.0330894357,480.0,640.0,7.500000000000001,16.0,133.4313009,42.8347714,249.1290174893121,1.2627526391996917,0.0679303,0.07014779999999998,0.0,0.03808593750000009,0.0,0.010546875000000025,0.056498599999999996,0.05962529999999997,0.0638138,0.07944715000000001,59669.735863500006,97709.966304
shep13,128.36257267981975,40.768216127108055,0.0,10.200000000000017,1280.0,960.0,720.0,540.0,0.236,0.7902000000000026,17.0,15.2,1076108.2289025018,324091.36215613736,66.51199600000001,46.14394440000002,0.023,0.03280000000000002,127.49024615384607,83.09483409090937,1749.1839646343117,963.7040460980411,118.46697674418591,290.75294117647076,17.206070449245548,135.75783324912885,145354.9985293949,1178606.3026608936,960.0,1280.0,3.6,17.0,9.053421800000029,6.066705,579.2791290909115,0.27232657403386834,0.061492799999999966,0.5479372000000002,0.0,0.0,0.05078125,0.0,0.08218699999999995,0.5206390000000003,0.06173739999999995,0.5247862000000003,57480.1606764,97109.170848
shep21,162.14325953565177,153.0659989532659,1.0,0.0,1280.0,1280.0,720.0,720.0,0.282,0.0,29.0,23.4,1405622.1518661485,1304962.201168361,52.902062199999996,38.9580296,0.019,0.017,71.4435333333333,57.82356333333337,18568.161305249272,718.5571685498219,163.61999999999995,81.87000000000027,150.93306113793398,161.18254542511283,1291057.340533292,1366428.42571395,1280.0,1280.0,22.0,30.0,1.7344617999999998,3.1827992,0.0012058172458174101,0.41275130482058797,0.0646774,0.05121119999999993,0.0,0.0,0.05078125,0.0,0.06254079999999992,0.05668009999999997,0.0609938,0.0540893,57788.6657985,101336.548608
shep22,161.47823269632167,105.61161697463089,0.0,0.0,1280.0,960.0,720.0,540.0,0.369,0.0,29.7,14.7,1374879.8393591496,856609.5319322669,43.0111213,44.972867900000004,0.02,0.028300000000000002,72.365385,82.10560833333335,4309.560059527157,1161.7154881136819,400.26000000000005,102.08333333333326,105.50712263828315,163.1445871935292,874794.3039703829,1394821.2301488386,960.0,1280.0,13.0,29.0,1.6519241,1.2610265,0.0013353764157231702,0.00074838383838311,0.058954,0.050639500000000004,0.0,0.0,0.0,0.0,0.0688783999999999,0.07405839999999993,0.0653015,0.05755919999999993,59028.8291523,101653.59278400001
shep23,144.6926241368322,19.803702038048886,0.0,6.0,1280.0,960.0,720.0,540.0,0.0,1.578,28.8,9.4,1201710.8950719528,166614.0614179357,81.04686939999999,38.192323,0.024,0.063,115.56736000000005,313.3173999999995,3299.0153554723133,1331.9509547839443,146.8857142857142,261.53333333333336,18.001988747375933,140.51187340679445,160416.60657460324,1183682.7923062358,960.0,1280.0,3.8000000000000003,29.400000000000002,26.912995199999997,10.355914199999999,289.5670999999997,4.097445611679813,0.062216,0.6914321999999999,0.0,0.0,0.0,0.0,0.05902979999999998,0.7693052999999999,0.10461739999999997,0.7142687,59431.813144199994,94439.366208
shep31,146.17870596648237,38.022681412675716,1.0,0.0,1280.0,480.0,720.0,270.0,0.282,2.765,25.8,9.8,1230271.5242920544,268928.49761648173,83.9241586,23.684003999999998,0.030199999999999998,0.032999999999999995,145.70917462365597,63.384115789473675,1267.1770982089326,1199.8006605469636,341.29999999999984,151.4,41.593791078412465,145.04588569457763,282370.41800189856,1225478.054218179,480.0,1280.0,11.8,29.8,36.928153200000004,31.829854400000002,0.00109177489176392,14.966030475585974,0.07936419999999997,0.0543608,0.0,0.0,0.03515625,0.0,0.08179299999999999,0.05620439999999998,0.07991959999999991,0.06446239999999992,58978.669856399996,96849.734784
shep32,157.06862797145214,106.1437123227068,0.0,1.0,1280.0,960.0,720.0,540.0,0.279,0.303,28.0,15.7,1323871.3179325794,852202.7769229173,64.1629392,75.2563677,0.025300000000000003,0.042,104.53589600000004,162.5050358064517,928.7470792640745,1054.2464895618025,351.00888888888875,163.85833333333343,103.43301528372166,155.77260843409465,836019.0781680658,1295181.762039405,960.0,1280.0,16.0,30.0,155.8812935,1.5655902000000004,11.21401952607404,0.7683779277699857,0.09060640000000002,0.09642600000000003,0.0,0.0,0.0,0.01953125,0.09592250000000001,0.08682550000000001,0.10723699999999997,0.08992339999999997,56558.1058371,101089.582704
shep33,152.4001395674826,142.23993023452476,0.0,0.0,1280.0,1280.0,720.0,720.0,0.0,0.884,29.0,16.8,1278329.1553410722,1227109.747856055,50.4214352,39.037082,0.0172,0.026799999999999997,73.00778000000003,121.07822400000012,953.4746436654717,1424.275194303137,171.12,100.44000000000014,146.6959187023953,146.38937425480498,1274816.114365999,1230166.3720974212,1280.0,1280.0,17.0,30.0,25.184143000000002,1.2929262,0.6034634243176178,0.00081723162964146,0.0705813999999999,0.05789759999999992,0.00390625,0.0,0.12890625,0.0,0.071619,0.056610399999999915,0.073154,0.0625549999999999,57736.342251,100923.39955199999
wang11,148.91675929661554,161.61759231076235,2.0,0.0,1280.0,1280.0,720.0,720.0,0.0,0.0,29.0,30.0,1262252.6806440924,1364803.0785414593,35.3392632,36.925211,0.0183,0.016,49.21070137931029,52.9753633333333,907.3464105274346,26848.662008829742,90.5000000000004,153.18727272727264,162.21748374708397,154.36778583657645,1385276.4731274599,1301470.568752596,1280.0,1280.0,30.0,30.0,1.8102745,1.1904010999999999,0.00114289935188708,0.00090037154258907,0.05605119999999993,0.06866290000000001,0.0,0.0,0.005859375000000014,0.0,0.0545134,0.0711054999999999,0.0607908,0.0608746999999999,57370.588669799996,95343.447984
wang12,150.92457144437697,147.6611650736408,0.0,0.0,1280.0,1280.0,720.0,720.0,0.837,0.229,29.0,29.0,1257701.717087612,1238237.6666761588,37.151612199999995,42.6325328,0.023799999999999998,0.018399999999999996,77.15786666666659,67.26673333333333,7321.177029973613,18550.642801750993,265.86545454545444,170.90465949820776,150.12124857592144,159.04064123118417,1236826.4181994307,1341184.9177991915,1280.0,1280.0,30.0,30.0,1.0330202,0.5440496,0.00117724690945524,0.0009076782192165599,0.0780636,0.06029979999999992,0.0007812499999999972,0.0,0.016406249999999997,0.0,0.141031,0.0593563999999999,0.07391359999999991,0.05987859999999992,59221.7006346,96132.78950399999
wang13,149.51995129784538,156.61191813877255,0.0,0.0,1280.0,1280.0,720.0,720.0,0.0,0.0,29.0,29.0,1257337.8074501597,1314785.8404670733,38.8931068,40.2849294,0.0162,0.018,53.5003,51.965837634408594,1312.4950580555599,11458.419069421945,136.08571428571412,127.0399999999999,154.75683980316273,151.37022646829678,1303033.9621202773,1274718.912612912,1280.0,1280.0,30.0,29.0,0.574959,0.41124479999999997,0.12564943310657548,0.00084296433343592,0.0631412,0.0671726,0.0,0.0,0.003906249999999986,0.0,0.06200299999999992,0.06300339999999992,0.056091599999999894,0.0630335999999999,58623.8297904,101789.9136
wang21,150.95625057958637,144.5743548602208,0.0,3.0,1280.0,1280.0,720.0,720.0,0.293,0.901,27.8,21.8,1263145.8140949435,1234418.3444620678,39.252671,60.5612522,0.024399999999999998,0.024,70.50956774193558,106.69622000000004,3442.082829379494,979.0850006236528,148.16216216216097,164.57142857142853,145.73365800601613,149.95532957967592,1236523.4059317163,1258458.8686277098,1280.0,1280.0,19.0,27.0,2.990188,1.4897318,0.09533153003190499,0.0007922748612885199,0.054415999999999916,0.08457319999999992,0.0,0.010937499999999975,0.0,0.09765625,0.0627804,0.1175595999999999,0.0584719999999999,0.0921936,58949.9948898,97516.533888
wang22,133.58346495274824,107.22929501080219,2.0,2.1999999999999993,1280.0,960.0,720.0,540.0,0.487,0.0,22.200000000000003,19.6,1133915.6637913738,871037.4992986678,48.131265199999994,89.1941724,0.0172,0.022699999999999994,92.95998666666662,135.2586154761904,1709.9268292423205,1114.731973527226,130.42810810810815,75.99999999999989,103.97738170942692,144.47154866071236,836225.5179073729,1237960.1491973521,960.0,1280.0,17.8,26.400000000000002,23.0960134,2.9048551,1.3833364761904705,2.0998288690302713,0.0643068,0.05114439999999999,0.0,0.0,0.0,0.0,0.071475,0.053536799999999996,0.07088939999999991,0.05450759999999992,59661.0861336,100025.749488
wang23,151.02130953874243,147.79416295379997,0.0,1.0,1280.0,1280.0,720.0,720.0,0.0,0.0,29.0,20.6,1270775.2519705798,1242597.389717369,33.5791852,59.837168,0.016,0.018,43.667006666666694,95.2621266666667,6978.978567774976,1235.3636369302806,75.83999999999989,75.0,148.64372619216408,151.1989514095419,1263633.8094568271,1263204.0607691265,1280.0,1280.0,20.0,30.0,5.9837816,1.8792958,0.00113357142856958,0.0009689812889819199,0.06321719999999997,0.053600799999999914,0.0,0.0,0.0078125,0.0,0.06645459999999992,0.05722339999999998,0.06737379999999997,0.05042119999999998,59241.9891042,100797.905376
wang31,136.80610670820298,160.92724522392362,0.0,0.0,1280.0,1280.0,720.0,720.0,0.0,0.0,16.9,29.0,1179387.1406443575,1364555.2629214572,36.6903711,34.76184980000001,0.021100000000000004,0.024,64.33184499999989,93.42392701149436,1421.3506359693222,6262.331287190658,150.82051282051285,159.59999999999982,154.8843293020083,144.99819199041838,1318884.2452149559,1217773.4329532823,1280.0,1280.0,30.0,16.700000000000003,26.680101299999997,2.1357627,8.165802710884819,0.00089708916727997,0.06054719999999991,0.1794086,0.0,0.0,0.0,0.0,0.05598019999999991,0.1581497,0.0601179999999999,0.15815300000000002,60475.528990800005,101428.535328
wang32,138.62868789712644,155.7329837445517,0.0,0.0,1280.0,1280.0,720.0,720.0,1.209,0.0,20.6,29.0,1156568.8307652937,1329523.1616151943,105.20587139999999,61.1429062,0.0345,0.027200000000000002,242.67185483870972,107.22033000000002,891.8137559675517,11065.422881128776,263.6499999999995,156.0,158.05826822813583,146.88349920786305,1338763.0023239716,1220938.244974733,1280.0,1280.0,30.0,24.0,0.3100459,107.8620309,0.00117664611936111,30.715800196078504,0.055359000000000005,0.12995610000000005,0.0,0.03203125000000007,0.0,0.15625,0.05441019999999993,0.1355655,0.06001610000000001,0.12912000000000004,59735.5337691,100136.856096
wang33,148.78376998499462,45.639802391398625,0.0,0.0,1280.0,1280.0,720.0,720.0,0.0,1.688,27.8,22.400000000000002,1255810.6912933383,306822.9772745919,52.3428682,102.2721882,0.025599999999999998,0.0392,82.87188666666665,425.8695953281424,1036.6724319792938,1301.9908699817215,149.33333333333292,150.7428571428572,59.409581126584584,147.6364126161403,438992.8936734643,1227899.569470513,1280.0,1280.0,23.200000000000003,29.8,229.0933224,4.4927532,255.2632294136911,2.8875191248391245,0.06401979999999992,0.1640136,0.0007812499999999972,0.0,0.0546875,0.0,0.06703179999999989,0.1667052,0.0605866,0.1756594,59163.007415399996,98637.792096
myrtleford11,151.6333926471008,146.79829217083972,0.0,2.0,1280.0,1280.0,720.0,720.0,0.0,0.211,29.0,29.8,1272461.0297624762,1241780.8999744274,76.81059739999999,66.19101359999999,0.0226,0.018199999999999997,106.55635999999998,101.45114989247317,30018.727551106338,1456.414160684225,155.265306122449,448.6716697936211,152.98678915706208,154.28359044957136,1287286.7082680347,1297552.6126316162,1280.0,1280.0,30.0,30.0,2.3000196,15.8651986,0.0013399999999992,4.609055147058819,0.0666288,0.0780882,0.0,0.0,0.0,0.0,0.0581514,0.1190556,0.06534119999999992,0.08902739999999999,60866.4328902,107232.78201600001
myrtleford12,155.22770131951026,137.22955794545476,0.0,0.0,1280.0,1280.0,720.0,720.0,0.0,0.0,30.0,29.0,1312781.0176491747,1175288.199946494,54.4714686,62.4026204,0.019,0.019,71.37293999999996,100.07749333333336,27072.01241951179,1547.055852652661,186.43999999999997,163.71999999999997,143.0452571705065,145.620170584984,1182660.9135322983,1211456.8397221402,1280.0,1280.0,30.0,30.0,5.8964102,1.8042956,1.2313124441222651,0.08487916977999167,0.0681124,0.09835480000000005,0.0,0.0,0.0,0.0,0.07121279999999995,0.07287019999999997,0.05935339999999996,0.08399940000000003,59652.55260720001,98369.811264
myrtleford13,161.5607827233422,152.69515195227126,0.0,0.0,1280.0,1280.0,720.0,720.0,0.0,0.0,29.0,29.0,1343015.737919917,1284833.670437055,76.2898773,54.387807699999996,0.024,0.0176,110.81153764705881,81.2694033333333,14029.4155368707,1490.5259234417206,262.58,165.27272727272728,160.58727267208414,155.71101351013257,1363769.5853231424,1309408.3401270919,1280.0,1280.0,29.0,30.0,1.952011,29.6489426,0.00116151007497639,10.711512246213342,0.06536389999999993,0.07962209999999993,0.0,0.0,0.0,0.0,0.052775299999999935,0.07270070000000001,0.14331170000000001,0.08607329999999998,59670.5786145,100276.092192
myrtleford21,140.85426780736282,147.45305786134526,0.0,0.0,1280.0,1280.0,720.0,720.0,0.0,0.0,28.6,28.0,1195506.9460040552,1236012.4171543212,34.50168359999999,51.8552476,0.0162,0.016,54.44191333333329,73.55492666666674,4283.246066812114,1310.3162257257297,95.74000000000018,70.4000000000006,156.42331143340851,137.5918749657907,1314657.4015204906,1138774.0012143126,1280.0,1280.0,28.6,28.6,3.8150312,21.2394392,0.0014308643634881597,0.04391469213269491,0.06785019999999992,0.05359779999999998,0.0,0.0,0.0,0.0,0.06496599999999998,0.057479999999999996,0.062207399999999996,0.05162339999999998,59111.5613256,101120.22335999999
myrtleford22,144.97718365542153,135.5566067228306,2.0,0.0,1280.0,1280.0,720.0,720.0,0.0,0.428,29.0,19.8,1216977.8338658477,1152336.2652145203,71.20915699999999,77.11219899999999,0.0252,0.024399999999999998,110.67532303448277,123.09872,9461.084654667928,999.1523751074881,175.91777777777781,168.32258064516216,144.78679910455705,140.82671268228933,1236453.390318898,1174518.7529032668,1280.0,1280.0,24.200000000000003,28.8,6.8711388,1.9952144,0.8883230681818173,0.0009449715370016598,0.06343359999999999,0.0794406,0.0,0.0,0.49609375,0.0,0.07303159999999999,0.06610739999999989,0.0672118,0.0675228,60264.886310999995,101033.328576
myrtleford23,156.30890463352733,113.17292780699525,1.0,0.0,1280.0,960.0,720.0,540.0,0.0,0.0,29.0,27.400000000000002,1318611.7557714786,907909.2380688126,46.366644199999996,64.32627079999999,0.0172,0.019,72.15753199999996,87.9426066666666,21470.346712490147,1070.3805562319067,180.0,61.66666666666694,111.03274519222853,154.38938992851706,897068.4070829785,1301343.4855893755,960.0,1280.0,27.200000000000003,29.0,4.397575799999999,1.830227,0.0013484327868863997,0.00082173913043422,0.0645968,0.05591139999999992,0.0,0.0,0.0,0.03515625,0.06906419999999999,0.0523164,0.06401959999999997,0.0646054,59859.9807498,101562.849984
myrtleford32,21.849467789896487,23.78897581296139,0.0,0.0,320.0,480.0,180.0,270.0,1.922,0.559,10.200000000000001,13.4,129360.93912351449,112834.07029624525,68.8624168,48.35519880000001,0.047800000000000016,0.034800000000000005,270.33965779434095,213.95159142857148,28444.12029710828,906.8901102702084,462.94000000000005,385.0000000000012,27.700816959641937,22.380229554112457,138275.3882918236,113960.17196502208,480.0,320.0,23.200000000000003,6.000000000000002,27.2684817,62.1894528,96.61485661804797,259.4443657289003,0.21495639999999996,0.153821,0.0,0.0,0.0,0.0,0.2349944,0.0889618,0.2525086,0.14527920000000016,58541.1503607,98607.26015999999
euroa11,153.60122834633108,161.64165936302464,0.0,0.0,1280.0,1280.0,720.0,720.0,0.0,0.0,29.8,29.0,1289690.0346327333,1361068.6932481385,36.9372502,80.79055879999999,0.018199999999999997,0.022199999999999998,51.14629999999999,123.95986000000006,24050.580491054574,15762.33550735426,87.06139534883724,161.8533333333332,162.53325176025996,156.0105914980642,1372799.569718752,1323750.0767018897,1280.0,1280.0,30.0,30.0,10.1392658,2.6693696,5.590760014619882,0.630577838709677,0.07748139999999998,0.06517939999999998,0.0,0.0,0.0,0.0,0.0949888,0.05874359999999999,0.11333339999999993,0.055722399999999894,59843.325150000004,96630.542304
euroa12,99.17977495377896,159.37566529162808,0.0,0.1999999999999993,1280.0,1280.0,720.0,720.0,0.0,0.0,27.8,29.0,798364.4065639392,1347507.7149763328,81.32996639999999,52.2968074,0.021599999999999998,0.025,127.95362666666665,81.10819333333335,11733.163662167173,20077.301289890445,91.5306122448979,212.79999999999993,159.68656914188358,104.89340319786625,1348343.4429627683,833888.1698609594,1280.0,1280.0,31.0,28.400000000000002,10.7320614,12.0117418,4.314214589807853,7.378541249999993,0.08424999999999998,0.0670684,0.0,0.0,0.0,0.0,0.09443359999999999,0.06735499999999998,0.0875058,0.061300999999999994,59742.675543599995,100765.57910399999
euroa13,157.76638498263497,158.90419063922482,2.0,4.0,1280.0,1280.0,720.0,720.0,0.455,0.0,29.0,29.0,1318730.5621359122,1345315.4593750504,45.333984199999996,57.6292236,0.016599999999999997,0.0232,66.31190537634409,79.00222150537624,16958.174828033007,19277.33502770865,283.3191836734694,156.87207207207206,163.39769759228452,156.79478921146065,1368725.2086385062,1311742.281486184,1280.0,1280.0,30.0,30.0,1.8589630000000001,0.2927378,0.6447234561180667,0.0007265814830329999,0.0617918,0.0637478,0.0,0.0,0.00390625,0.03515625,0.0796052,0.06555799999999999,0.07378199999999999,0.06254839999999998,57965.5631142,101054.119392
euroa21,156.92014343200194,145.4504323462459,0.0,17.0,1280.0,1280.0,720.0,720.0,0.0,0.19,26.0,23.200000000000003,1329278.4889116979,1210650.842616186,35.2789328,38.5473186,0.019,0.018,50.33702643678156,58.96800258064516,1236.121695051306,1379.404175013599,129.99999999999937,116.60000000000008,155.4859601304199,153.9690060507415,1296190.8240777631,1303723.7534244447,1280.0,1280.0,23.8,26.0,1.2868512,1.5913446,0.00104370455415222,0.00087007474813124,0.0565188,0.06506619999999991,0.0,0.0,0.01171875,0.0,0.0517732,0.06893639999999997,0.05227959999999998,0.07395299999999992,59164.4650968,100080.33619199999
euroa22,154.94118468214677,128.74849424248217,0.0,0.0,1280.0,1280.0,720.0,720.0,0.298,0.55,28.0,20.8,1302577.415716908,1094025.7287592937,61.2551912,54.1285776,0.0192,0.028999999999999998,97.19450666666677,107.80321333333336,3444.9167141732323,930.9922835503628,325.8166666666669,214.55555555555551,125.81748919680354,161.55776526856465,1073101.0149296883,1383032.8471689157,1280.0,1280.0,20.6,29.0,31.082136600000002,1.4912842,9.531495389081163,0.00078965517241338,0.07037979999999996,0.054608,0.0,0.0,0.0,0.0,0.059072599999999996,0.056198,0.060522799999999974,0.055202799999999975,59943.854627999994,99961.39632
euroa23,162.92169391638788,154.57347526570015,0.0,0.0,1280.0,1280.0,720.0,720.0,0.0,0.0,25.8,29.0,1376310.281943201,1309124.1152812152,29.862923799999997,33.486905199999995,0.019,0.0202,42.51910370370372,45.21031999999998,1050.9576185394264,13526.986877129979,90.70512820512836,96.35744680851087,151.010989219647,162.09752581095526,1276651.6625553374,1373282.7555568956,1280.0,1280.0,30.0,27.400000000000002,0.4836866,1.760371,0.0010288575096278599,0.00078856511444312,0.0651644,0.15247199999999997,0.0,0.0,0.0078125,0.0,0.0638608,0.19283779999999998,0.0647518,0.15429099999999996,58903.2800244,99626.85244799999
euroa31,134.66378122634168,36.79463885808312,0.0,0.0,1280.0,480.0,720.0,270.0,0.826,0.0,23.6,7.800000000000001,1138292.8070171904,279871.99233352154,60.4651864,29.853298799999997,0.03,0.037399999999999996,120.17402444444437,136.18115921568614,1180.616549036034,1609.506978479838,141.89333333333335,152.35574468085116,33.99550522096866,151.1942368880709,262685.02968679095,1287859.7244438475,480.0,1280.0,7.800000000000001,23.8,13.3961836,9.846167999999999,1.1928247455536045,5.476364875803944,0.056716599999999895,0.09679719999999997,0.0,0.012499999999999956,0.0,0.07734374999999998,0.06922319999999998,0.06395279999999999,0.05689679999999999,0.08738699999999999,59330.5666002,99730.666272
euroa32,146.14663801503886,106.41002017335944,0.0,0.0,1280.0,960.0,720.0,540.0,0.309,1.613,29.0,17.0,1226478.416070172,882859.1753721407,78.49910679999999,132.190734,0.026399999999999996,0.0356,129.45019999999997,270.5123253393664,1312.0879460935196,1177.2248227374241,295.49624060150325,484.5435897435889,106.76585994838291,141.03405609321734,866403.6034336137,1173577.380998177,960.0,1280.0,17.6,29.0,40.907226800000004,14.148144599999998,4.420423940298556,15.568320571428563,0.0662934,0.3293033999999999,0.0,0.0,0.0,0.0,0.0787934,0.3032411999999999,0.08318499999999997,0.36289379999999993,59833.241420399994,100669.40495999999
seymore11,148.97969160844238,169.4139754126227,0.0,0.0,1280.0,1280.0,720.0,720.0,0.224,0.0,28.8,29.0,1233964.5872734406,1414274.12834286,35.4016198,45.663292999999996,0.0218,0.026,66.33363999999995,127.92906333333335,5804.165937975951,1460.5346244893612,182.4705882352942,272.95294117647063,163.19891573805498,160.41142030402423,1370799.7940168495,1359240.8071623151,1280.0,1280.0,30.0,30.0,7.335122399999999,0.1983236,4.137287328490718,0.0007871146881287,0.07266579999999999,0.16575949999999998,0.0,0.0,0.0,0.0,0.07162759999999997,0.1601806,0.07661459999999991,0.1317398,60820.1086626,102012.19584
seymore12,157.7314589126117,165.75590966415663,1.1000000000000014,1.0,1280.0,1280.0,720.0,720.0,0.0,0.0,29.0,30.0,1324879.8269051195,1406531.154444456,47.1005149,41.812901499999995,0.0151,0.012550000000000002,58.07435862068965,53.3150475,1544.6975340832505,8945.168057848628,85.30000000000004,77.61957293568662,162.76691994046516,164.87294535268785,1376566.8490910693,1392767.7645265178,1280.0,1280.0,30.0,30.0,2.9007885,1.1727619,0.5327514942528727,0.09240026709139926,0.0529895,0.04823484999999991,0.0,0.0,0.0,0.0,0.04938479999999999,0.04783384999999999,0.053920099999999915,0.0526887,60757.3217727,101959.996008
seymore13,163.1648280750321,173.22588231026077,0.0,0.0,1280.0,1280.0,720.0,720.0,0.0,0.0,27.0,29.0,1389703.1574483735,1466226.0148333197,21.6510697,23.971761750000002,0.013,0.013,45.69062000000004,46.940086297814204,1152.9652220719825,1347.1598218074041,70.96666666666661,167.4115384615385,168.30463459547263,164.10071400431463,1430099.4281168163,1403057.8419481535,1280.0,1280.0,30.0,28.0,0.6787681,0.919296,0.00122427771556572,0.01843848978288633,0.0530591,0.06512139999999997,0.0,0.0,0.0,0.0,0.07564700000000002,0.0551632499999999,0.05402529999999993,0.05406759999999993,48661.1952624,82990.132008
seymore21,156.99665921958334,39.690470876004625,0.0,0.0,1280.0,480.0,720.0,270.0,0.0,0.0,29.7,22.6,1326373.3982970193,242298.6155220089,40.7937947,40.4709846,0.018,0.02030000000000001,58.07867999999993,117.79073541666665,1139.5219064199437,1013.4264913739715,133.05999999999997,108.72941176470522,39.98100051376029,152.47933551034185,245203.87331378908,1288003.4668334883,480.0,1280.0,25.0,30.0,24.1893463,0.23296549999999996,6.011105333333332,0.00091915024630534,0.0561845,0.06059859999999997,0.0,0.0,0.0,0.0,0.04983379999999993,0.0792224,0.08052359999999993,0.05303779999999993,59661.0389907,96710.603184
seymore24,144.67533770180503,154.81853324212335,1.0,12.0,1280.0,1280.0,720.0,720.0,0.0,0.0,27.200000000000003,28.8,1213700.6429565828,1299088.8931864963,54.440160399999996,40.8209272,0.023,0.02,85.86883333333327,64.23079287356329,1181.3171158761986,6201.153807687118,86.22510822510831,157.64000000000004,159.21903123092935,143.20956122508113,1345288.147646809,1185752.8612226308,1280.0,1280.0,30.0,25.6,1.2355088,1.3132338000000001,0.00122954357900076,0.0009381254404514599,0.06282939999999991,0.07372099999999997,0.0,0.020312499999999997,0.0078125,0.0,0.059759199999999915,0.07424659999999998,0.0648012,0.08319399999999999,59331.446130599994,101280.593856
seymore31,143.79980602652546,144.46655341254447,1.0,1.0,1280.0,1280.0,720.0,720.0,0.0,0.0,29.0,29.0,1205168.2478609788,1181551.762049426,36.058006999999996,56.6124652,0.014100000000000001,0.0181,49.3748866666667,83.75790903225807,1239.9544710839373,1732.1669460758108,113.58928571428582,134.99999999999864,141.55485260538526,142.031189439803,1182739.8862689377,1185522.91623189,1280.0,1280.0,29.0,30.0,3.4771112,0.8145396,2.0130642562757592,0.00079737916219133,0.0495607,0.0595186,0.0,0.0,0.0,0.0,0.0520786,0.05944660000000001,0.052877900000000005,0.06487129999999991,60430.0867191,79895.761296
seymore33,149.31560962751095,105.90697911040554,0.0,0.0,1280.0,960.0,720.0,540.0,0.0,0.205,29.0,13.0,1256924.0209721036,905811.1894928564,31.204764700000002,41.385643,0.015,0.027200000000000002,43.2090766666667,109.1274130434783,1824.3812065334587,806.3754938949696,146.00000000000006,156.53623188405788,123.38536756648138,153.0783832358329,1032133.1127742655,1294172.816391931,960.0,1280.0,11.9,30.0,17.025043,0.4022348,1.2547128891066373,0.0013924131016042507,0.0536227,0.06460439999999992,0.0,0.0,0.0,0.0,0.0620256,0.0558716999999999,0.050242800000000004,0.0533206,60456.936519,103739.148912
dandenong1,79.99210744214625,148.70510524274042,0.0,0.0,960.0,1280.0,540.0,720.0,0.219,0.337,22.0,29.0,641817.84979537,1253394.8782282295,127.92169919999999,80.54946559999999,0.031,0.0272,275.7740774193548,118.44087311827958,1680.8183150315083,1239.043267474083,410.66666666666504,239.58571428571486,159.01589710482816,85.41849722907591,1343042.3417035802,675945.6191629514,1280.0,960.0,30.0,22.200000000000003,49.7210894,97.0516186,4.111614102873702,47.01972208835339,0.1738219999999999,0.1643949999999999,0.0,0.0,0.0,0.0,0.09107699999999999,0.156915,0.09995399999999996,0.1212611999999999,59469.062650199994,106641.87552
dandenong2,25.805116759036622,67.40738483912747,0.0,11.0,960.0,1280.0,540.0,720.0,2.243,0.225,5.7,13.900000000000002,214864.84138611436,525680.2726317785,123.45275600000001,83.745256,0.06650000000000003,0.0409,636.3879741379309,206.00067956577257,9692.404603424604,976.1933974589851,998.8799999999999,542.3666666666664,67.40882377514238,26.6074642142309,543849.2434390936,217295.376432661,1280.0,960.0,17.5,4.1000000000000005,113.89950420000001,101.4589206,244.15312183727042,227.02612325110465,0.15000000000000002,1.2636930000000002,0.0,0.11347656250000004,0.0,0.3765625,0.11019290000000002,1.0167724999999999,0.12732699999999994,1.0813500500000004,59653.930644,100486.68576000001
dandenong3,66.19935442308228,154.89638190876724,1.0,4.0,1280.0,1280.0,720.0,720.0,3.426,1.469,12.8,24.8,534951.3643871067,1292774.4576538105,129.52306339999998,73.99647159999999,0.048799999999999996,0.0292,336.23113897058795,149.06395866935478,22280.23226695355,1092.8176969027945,1127.4047058823526,360.92,165.6157924685972,61.20203416392317,1397168.8811982793,438011.28936215246,1280.0,1280.0,30.0,13.8,45.3354064,132.80917939999998,5.958673913043481,152.15674550499446,0.181839,0.2211667999999999,0.0,0.10156249999999999,0.0,0.028124999999999997,0.07095959999999991,0.11259459999999999,0.15157779999999998,0.6150237999999999,59449.2935022,100409.395968
mordialloc3,49.59455557853019,14.208937870033802,0.0,0.0,960.0,320.0,540.0,180.0,0.8080000000000003,2.113,14.4,5.6,376387.4091765897,95475.92885535464,29.017269600000002,20.938079000000002,0.036800000000000006,0.0824,198.11184237516875,450.5332333333333,1010.0772116442571,15839.33171786635,304.45593419506463,488.1665747380035,15.702053729631563,46.60912454841265,94440.19669983082,354470.7757591509,320.0,960.0,10.6,17.4,23.006251,24.5152904,302.9313057915058,128.5529797591744,0.28829479999999996,0.6535914999999999,0.0,0.0,0.0,0.0,0.2986253000000001,0.6394450999999999,0.34218899999999997,0.6235580000000001,30727.0076904,59181.778176
brighton1,163.2227130795365,158.38444222461473,4.0,2.0,1280.0,1280.0,720.0,720.0,0.0,0.0,29.8,30.0,1363790.9985014359,1322655.287532857,40.3202614,43.49499,0.017,0.018,55.50685333333344,58.25088000000006,14534.61536971699,19016.461734311426,86.37463414634134,100.43999999999996,163.0860975761281,160.6775837312947,1360703.4927950029,1364354.8731721777,1280.0,1280.0,30.0,30.0,2.4045382,0.5493916,0.00106851567944274,0.00100645682001608,0.057782399999999914,0.0587615999999999,0.0,0.0,0.0,0.0,0.07045899999999991,0.06336699999999999,0.0793062,0.05753479999999997,59694.3273024,100581.50044799999
brighton2,162.50003876999781,156.68419098030205,0.0,0.0,1280.0,1280.0,720.0,720.0,0.0,0.0,29.0,30.0,1364341.8815977392,1327955.4320249625,33.748028399999995,34.8358594,0.0162,0.0162,45.23455999999999,50.40206666666665,2966.1983345362137,14292.830399688159,173.08000000000004,88.92,151.47248924646541,162.5203434526969,1253899.5871643838,1361748.9059074798,1280.0,1280.0,30.0,29.0,0.313257,0.49755499999999997,0.00117440438540996,0.00076404825816332,0.05823659999999999,0.056292999999999996,0.0,0.0,0.0234375,0.0,0.06087059999999992,0.04768639999999999,0.061450399999999995,0.0594358,59799.561809399995,101942.613216
brighton3,145.50147708457723,142.79071097998838,2.0,0.0,1280.0,1280.0,720.0,720.0,0.0,0.195,26.6,27.0,1231198.3998588193,1195712.1804621054,46.5182476,40.887652,0.0344,0.032,71.8970704761904,64.59902311827959,1521.970645256659,20709.61168002492,140.31111111111122,207.07265306122437,155.71351684596863,147.7415523823254,1309100.073217574,1253558.2628251552,1280.0,1280.0,30.0,29.0,29.2174006,2.5666112,8.679145630015153,0.8403950870953947,0.22317479999999998,0.20470619999999998,0.0,0.0,0.0,0.003906249999999986,0.17734099999999992,0.1650058,0.1779207999999999,0.19863619999999993,58825.527667199996,101881.697568
toorak1,129.7041435081836,106.16980287940096,2.0,0.0,1280.0,960.0,720.0,540.0,0.191,1.269,27.200000000000003,16.200000000000003,1078907.2116169424,852519.0774781132,117.6700348,85.4989192,0.0346,0.043399999999999994,206.12256532258067,313.00344904347816,25379.901518480692,1497.3288381649916,418.3151020408162,581.3200000000002,106.78752906312948,152.8073196202623,872212.494286051,1285800.6973034013,960.0,1280.0,17.8,29.8,253.4258888,18.9665088,279.9326237797823,4.79419063067914,0.089401,0.09618199999999999,0.0,0.0,0.0,0.0,0.1059449999999999,0.0833405999999999,0.11961359999999996,0.1635863999999999,60605.159882399996,100132.69584
toorak2,146.03221982800187,119.15822764369652,0.0,1.0,1280.0,1280.0,720.0,720.0,1.403,0.325,28.200000000000003,28.0,1206642.3327592493,969541.0141685124,79.4928992,107.748973,0.0266,0.0272,121.33597111111105,163.2425462365593,17336.11067120121,25923.47214730388,460.84000000000015,334.9278431372551,119.81751081105811,148.38416980017513,993177.191766203,1224984.494040059,1280.0,1280.0,30.0,29.8,53.745671200000004,24.782487999999997,44.71999519815312,6.518484276493091,0.0686582,0.0843814,0.0,0.0,0.0,0.0,0.08538539999999999,0.0745456,0.06134639999999991,0.1332002,60675.8697342,100073.271168
toorak3,123.55746049835889,102.44762472505415,5.0,0.0,1280.0,960.0,720.0,540.0,1.117,0.481,23.5,26.5,1013715.572184932,823516.5103525906,79.44707449999999,73.84767349999998,0.037,0.032,215.59686547619054,152.41010053763438,18077.560670350536,6322.631190683937,411.4833333333336,419.88235294117646,103.99095870386739,135.96813069507027,832080.3133837057,1151800.5995080594,960.0,1280.0,29.0,29.0,10.8766145,25.3334065,4.740517790811341,14.838046783625726,0.17419449999999997,0.16361199999999998,0.0,0.0224609375,0.0,0.0166015625,0.1693344999999999,0.21911599999999995,0.1631699999999999,0.168091,56320.6103145,95592.29016
cbd1,105.36096350031555,37.590900235230784,0.0,0.0,960.0,960.0,540.0,540.0,0.0,2.772,15.4,7.0,886363.6540626356,316471.9878267964,49.275054399999995,30.9594192,0.021599999999999998,0.12639999999999998,134.66218817733997,109.08438857142885,1613.383056696227,14170.949606294156,147.41304347826113,219.29714285714297,50.79618689931758,110.39231985678639,418743.1478652616,881735.3526460222,960.0,960.0,5.6000000000000005,16.8,30.100271399999993,7.8237321999999985,169.0252345238095,0.00102629137676438,0.05458979999999998,0.07116979999999991,0.0,0.0,0.0625,0.0,0.0468448,0.055426199999999995,0.06045219999999998,0.0613738,58824.931347,102002.63107199999
cbd2,77.67657606342468,58.88622515261855,0.0,0.0,960.0,1280.0,540.0,720.0,0.431,1.554,8.0,8.7,683074.0388426417,427711.5333082372,93.3126219,105.5650737,0.055900000000000005,0.048600000000000004,324.13160000000005,516.638411764706,1582.3926817294926,11382.472262590207,403.28571428571485,245.42000000000002,64.5911684614309,74.09407691916591,460933.45736837556,660754.9103382342,1280.0,960.0,10.0,8.0,716.9362170999999,56.5107843,1304.8473458222807,28.09887980158733,0.058196699999999935,0.11926579999999992,0.0,0.0023437500000000056,0.04726562500000002,0.0,0.0551117,0.0834578,0.0547534,0.0799272,56961.5787216,96478.60272000001
cbd3,133.08969192256305,44.590935429578266,2.0,0.0,1280.0,960.0,720.0,540.0,0.2786000000000001,2.4281,16.7,6.7,1132982.0656400642,390697.6852818597,52.6926388,58.7295772,0.029700000000000004,0.07730000000000002,105.23533999999997,158.37429999999986,7535.040706628779,1328.5346992812963,253.39181818181814,623.1494252873564,58.22398601485069,138.78015751220454,461104.4110590859,1184087.6434435423,960.0,1280.0,8.8,16.0,268.5527156,16.8730123,514.383691923077,3.7534856265984637,0.0554229,0.28460155,0.0,0.0,0.0,0.0,0.0613613,0.2799698,0.05997499999999997,0.35928920000000003,57930.1037595,99757.30569600001
brunswickwest1,135.37984763270833,131.78928862336772,1.0,0.0,1280.0,1280.0,720.0,720.0,0.0,0.322,27.0,21.0,1143051.517827155,1137301.1753341479,116.35627420000002,40.6818114,0.0284,0.028200000000000006,247.50659139784932,63.18560666666679,1312.2881611696475,1484.7302230376886,243.00000000000028,107.57954545454571,141.81788548967145,131.2484364867063,1192288.5156289884,1074285.5046166254,1280.0,1280.0,30.0,30.0,2.356734200000005,50.5743918,8.260693865538522,8.186801477761838,0.08568760000000003,0.49420460000000055,0.0,0.0,0.0,0.0,0.08251679999999996,0.5370512000000005,0.07679140000000004,0.5508486000000005,58113.90501840001,96391.47235200001
brunswickwest2,113.66129339471217,38.984267493884225,0.0,0.0,960.0,480.0,540.0,270.0,0.0,0.0,28.4,19.0,927585.0573157767,267463.5638751485,81.5756555,55.034793300000004,0.024300000000000002,0.028,159.65595000000008,112.37794600000004,11545.615804390385,1433.1395486017334,258.7250409165302,223.94000000000003,40.69289405645746,109.75735062985447,266585.75501331425,903017.8735171383,480.0,960.0,20.1,28.5,12.6089686,97.2950762,1.4394900000000026,4.161124346405265,0.106235,0.05895499999999993,0.0,0.0,0.0,0.0,0.11121069999999997,0.07018579999999999,0.1520173999999999,0.09007269999999996,59864.604458400005,101551.133616
brunswickwest3,39.77487350540821,104.99959422431267,0.0,0.0,480.0,960.0,270.0,540.0,0.0,0.622,18.8,15.600000000000001,256540.26110502667,855473.5593501453,42.5929246,145.28252419999998,0.017599999999999998,0.04019999999999999,69.34694333333344,287.0728969696971,7519.923585441324,1171.1409621288894,108.93743589743627,145.66666666666708,105.9777182635244,38.80260030603027,876730.7926493661,262502.5238186094,960.0,480.0,16.8,17.8,136.2839832,2.2275698000000004,44.097220645161215,0.0008474137931085599,0.07058139999999989,0.0582974,0.0,0.0,0.0,0.0,0.102463,0.0536498,0.07634299999999992,0.0535095999999999,60151.2213834,100434.567648
northcote1,40.78502407582853,153.81353435000273,0.0,2.0,480.0,1280.0,270.0,720.0,1.406,0.0,10.0,22.8,295817.93646410556,1305193.4646924438,39.5834882,57.311994,0.0474,0.020999999999999998,109.79293479623838,84.71391333333337,1166.5737993664113,1061.6316265108107,155.15789473684308,163.12059369202208,152.32185312322054,40.01466655880805,1302065.154594831,299332.8085681636,1280.0,480.0,24.200000000000003,8.0,12.4511734,142.2785096,0.00114465064395648,3.954837829260337,0.056356799999999915,0.05738859999999997,0.0,0.0,0.0,0.040624999999999994,0.05306399999999992,0.053002799999999975,0.0556336,0.06024439999999992,58980.256398,98208.457056
northcote2,101.46262139907631,105.60073473087876,0.0,0.0,960.0,960.0,540.0,540.0,0.0,2.036,13.200000000000001,23.200000000000006,855136.0306423208,842782.5125370048,68.40066119999999,90.1853204,0.023599999999999996,0.0502,115.83177195402301,222.27036153846151,982.393283401695,1204.8118005028273,141.99999999999994,199.32298136645986,111.79995193111512,98.64902887902191,890790.3638771784,830436.7467425311,960.0,960.0,21.000000000000004,11.0,357.59125819999997,9.019859,152.26437691245482,0.5225625121524342,0.05462919999999998,0.0589962,0.0,0.0,0.015625,0.0,0.0557924,0.056005599999999975,0.05884719999999999,0.05787079999999998,59225.426379000004,100919.58863999999
northcote3,101.95709702354708,139.8184439622993,0.0,0.0,960.0,1280.0,540.0,720.0,0.254,0.527,11.000000000000002,23.6,846689.9164632135,1188554.6471177007,51.732531200000004,72.1442986,0.028599999999999997,0.024399999999999998,94.3970175824176,98.20494561403483,1120.8835748526883,6230.715563558544,89.99999999999996,102.40476190476183,146.47964224883486,100.3824976107278,1246395.2751101754,847408.1241356002,1280.0,960.0,24.8,12.000000000000002,52.714415800000005,13.664856200000001,5.694087251792926,4.261608491508493,0.059597399999999995,0.0574734,0.0,0.0,0.0,0.0,0.051147399999999975,0.05830959999999991,0.05496219999999992,0.05897839999999997,59093.2115802,100916.104896
