identifier,IT01V_packetsRecieved_ellen,IT01V_packetsRecieved_aadya,IT01V_packetsLost_ellen,IT01V_packetsLost_aadya,IT01V_frameWidth_ellen,IT01V_frameWidth_aadya,IT01V_frameHeight_ellen,IT01V_frameHeight_aadya,IT01V_totalFreezesDuration_ellen,IT01V_totalFreezesDuration_aadya,IT01V_framesPerSecond_ellen,IT01V_framesPerSecond_aadya,IT01V_bytesReceived_in_bits/s_ellen,IT01V_bytesReceived_in_bits/s_aadya,IT01V_totalProcessingDelay_ellen,IT01V_totalProcessingDelay_aadya,IT01V_jitter_ellen,IT01V_jitter_aadya,IT01V_jitterBufferDelay/emissions_ellen,IT01V_jitterBufferDelay/emissions_aadya,IT01A_bytesReceived_in_bits/s_ellen,IT01A_bytesReceived_in_bits/s_aadya,IT01A_jitterBufferDelay/emissions_ellen,IT01A_jitterBufferDelay/emissions_aadya,OT01V_packetsSent/s_ellen,OT01V_packetsSent/s_aadya,OT01V_bytesSent_in_bits/s_ellen,OT01V_bytesSent_in_bits/s_aadya,OT01V_frameWidth_ellen,OT01V_frameWidth_aadya,OT01V_framesPerSecond_ellen,OT01V_framesPerSecond_aadya,OT01V_totalPacketSendDelay_ellen,OT01V_totalPacketSendDelay_aadya,OT01V_totalPacketSendDelay/packetsSent_in_ms_ellen,OT01V_totalPacketSendDelay/packetsSent_in_ms_aadya,RIV_roundTripTime_ellen,RIV_roundTripTime_aadya,RIV_fractionLost_ellen,RIV_fractionLost_aadya,RIA_fractionLost_ellen,RIA_fractionLost_aadya,RIA_roundTripTime_ellen,RIA_roundTripTime_aadya,ROA_roundTripTime_ellen,ROA_roundTripTime_aadya,AP_totalPlayoutDelay_ellen,AP_totalPlayoutDelay_aadya,score_ellen,score_aadya,score_min,serviceable_ellen,serviceable_aadya,serviceable_agg
colac12,164.8420559783518,82.23941794538912,8.0,9.0,1280.0,1280.0,720.0,720.0,0.0,0.0,29.0,23.8,1376411.0957281908,646586.2360851025,112.3984141,121.33579330000002,0.025,0.0281,299.9812066666664,463.7377588172045,0.0,0.0,346.66666666666464,251.8181818181816,0.0,0.0,0.0,0.0,1280.0,1280.0,25.4,30.0,66.675146,7.633722,21.76280487804877,3.4409111111111064,0.235123,0.096024,0.0,0.0,0.0078125,0.0,0.3392489999999999,0.079895,0.1706623,0.115738,56926.463832,95396.4696,2.5,2.4,2.4,0,0,0
colac23,25.30207732581208,2.9988049713364275,0.0,0.0,480.0,320.0,270.0,180.0,1.264,1.871,3.2,5.0,193252.54048476552,25606.135691190306,125.6134091,6.178209,0.1004,0.143,568.8937227272725,94.4718571428572,0.0,0.0,659.8979591836747,1709.2307692307702,0.0,0.0,0.0,0.0,320.0,320.0,2.0,9.1,9.7493107,458.848152,79.2128076923077,1336.468653846153,1.0709026,0.121017,0.0,0.0,0.06640625,0.03125,0.2922197000000001,0.080673,0.4037779999999999,0.0874219999999999,55561.6086984,95378.762304,1.2,1.3,1.2,0,0,0
colac31,135.94653927725062,155.48529223805346,10.0,4.100000000000001,1280.0,1280.0,720.0,720.0,0.0,0.0,17.8,26.6,1162919.6391144202,1325908.622600444,98.5977216,61.256505800000006,0.0283,0.0265,224.0890515789472,141.80439345238108,0.0,0.0,211.1764705882349,164.6146034816247,0.0,0.0,0.0,0.0,1280.0,1280.0,28.0,18.1,18.11497,123.6908937,0.0012046783625648,27.847816281669143,0.065506,0.132294,0.0,0.0,0.01171875,0.0,0.075546,0.067566,0.072861,0.087296,56999.1909942,96085.818768,1.8,1.9,1.8,0,1,0
dunkeld12,138.76857324041922,37.96475366952876,0.0,28.0,1280.0,1280.0,720.0,720.0,0.875,2.5904,28.9,4.800000000000001,1147636.0703797464,319230.06748634664,58.471148500000005,64.706876,0.0266,0.071,103.97333150537636,283.16373333333354,0.0,0.0,277.24705882352924,171.3071428571427,0.0,0.0,0.0,0.0,1280.0,1280.0,7.0,30.0,52.572226699999945,2.2608699,139.6197393483709,0.6537143020725966,0.0702359999999999,0.3813169999999999,0.0,0.0,0.0,0.08203125,0.073959,0.394394,0.067535,0.361359,57516.0655734,97431.822528,3.6,3.0,3.0,1,1,1
dunkeld23,105.8921199551216,43.862042425037146,0.0,0.0,960.0,640.0,540.0,360.0,0.265,0.0,17.9,24.6,868759.8225787677,292065.0959754948,33.885024200000004,40.0436981,0.0162,0.0151,49.4609003448276,70.42308999999999,0.0,0.0,81.5686274509804,65.30000000000003,0.0,0.0,0.0,0.0,640.0,960.0,27.2,20.0,11.952854,2.2282719,5.7557142857142765,0.0012005898937334,0.0611299999999999,0.053467,0.0,0.0,0.0,0.0,23.0,0.0577089999999999,0.063156,0.0583949999999999,56522.712015,97565.15625600002,3.9,3.0,3.0,0,1,0
dunkeld31,24.820546636684,27.89645996566584,0.0,2.0,480.0,640.0,270.0,360.0,2.083,3.42,9.8,3.8000000000000007,188570.24972170527,241862.18002912053,73.1764751,80.1711123,0.0654,0.115,225.25431368421044,469.3187818181824,0.0,0.0,208.25000000000009,169.99999999999997,0.0,0.0,0.0,0.0,640.0,480.0,4.5,12.1,200.8666085,41.9699322,75.26010128205128,6.293167003836677,0.0876814,0.07074,0.0,0.3515625,0.0783203125000001,0.24609375,0.0548351999999999,0.130157,0.1493942000000001,0.0567929999999999,57525.24834,98333.730528,2.1,2.0,2.0,0,0,0
dunkeld33,105.04908829407154,108.06609013849466,0.0,0.0,960.0,960.0,540.0,540.0,0.0,0.0,16.9,14.9,833607.2455016343,907125.71304981,71.1915592,37.1593497,0.0233,0.021,120.23589793103456,82.02611304347838,0.0,0.0,151.03963963963966,161.23999999999992,0.0,0.0,0.0,0.0,960.0,960.0,15.0,17.1,5.5978594,9.5199586,0.0011551992698531,1.462533540372678,0.063904,0.0561461,0.0,0.0,0.0,0.0,0.058975,0.0590669999999999,0.05896,0.055283,57699.6451857,98599.498272,2.7,2.5,2.5,0,0,0
ararat11,40.7994836419876,151.83911921874142,0.0,0.0,960.0,1280.0,540.0,720.0,5.123,0.0,3.0,29.0,320021.1411665409,1274303.0592888666,100.6849013,54.9979904,0.0949,0.0314,335.6831499999998,88.28304967741943,0.0,0.0,266.1168831168829,296.4285714285719,0.0,0.0,0.0,0.0,1280.0,960.0,30.0,8.5,1.1023657999999998,373.2099626,0.0013506894340233,222.41073289473687,0.059265,0.160095,0.0,0.484375,0.0,0.193359375,0.055435,0.073914,0.0580139999999999,0.162262,57487.1139675,97085.345088,4.1,4.0,4.0,1,1,1
ararat12,148.98250554937482,152.67139633401442,0.0,0.0,1280.0,1280.0,720.0,720.0,0.0,0.0,29.0,30.0,1248931.0287817696,1297584.6822535666,48.713241700000005,45.381060000000005,0.018,0.017,70.7254599999999,58.39399999999993,0.0,0.0,93.85507246376802,86.19111111111123,0.0,0.0,0.0,0.0,1280.0,1280.0,30.0,28.0,0.2368048999999999,33.633399,0.0014021857923495,0.7953980660954685,0.054138,0.052216,0.0,0.0,0.0,0.0,0.083817,0.059814,0.0560149999999999,0.056061,57414.5097561,97750.666464,4.3,4.0,4.0,1,1,1
ararat13,151.79389587888534,114.7883837796466,0.0,0.0,1280.0,960.0,720.0,540.0,0.0,0.0,21.8,29.0,1298135.3839177326,925407.9964955366,45.08238550000001,29.612523000000003,0.0193,0.019,74.91624411764705,44.26813666666662,0.0,0.0,149.72,92.33333333333324,0.0,0.0,0.0,0.0,960.0,1280.0,30.0,20.3,5.794011899999999,1.516673,0.0010897696063475,0.0009078482193772,0.0660709999999999,0.059433,0.0,0.0,0.0,0.01953125,0.052582,0.0518649999999999,0.0565339999999999,0.0722199999999999,57408.751575,98119.443168,4.5,4.0,4.0,1,1,1
ararat21,98.74529408228386,159.55260548883965,0.0,0.0,1280.0,1280.0,720.0,720.0,0.0,0.0,28.9,29.0,811014.6584752627,1345335.9330028323,41.6209714,32.9986285,0.0211,0.0151,65.6093576437588,43.63452666666666,0.0,0.0,85.04761904761907,109.63048780487804,0.0,0.0,0.0,0.0,1280.0,1280.0,30.0,30.0,0.4947221999999999,61.6450592,0.0011053216374268,8.239640495784805,0.057114,0.048874,0.0,0.0,0.0,0.0,0.0621519,0.046463,0.0534746,0.055618,54869.5955115,97214.720544,3.9,4.0,3.9,1,1,1
ararat22,147.0663047748397,110.84478373311435,0.0,0.0,1280.0,960.0,720.0,540.0,1.016,1.027,27.0,29.0,1267859.613914946,872606.1329238676,70.479632,63.3782534,0.03,0.0203999999999999,131.86588461538472,124.14642709677422,0.0,0.0,409.05555555555486,133.95647058823522,0.0,0.0,0.0,0.0,960.0,1280.0,30.0,29.0,27.5858928,0.4284801999999999,0.0014655937499864,0.0008347744360902,0.16679435,0.052383,0.0,0.0,0.0,0.0,0.1664125,0.054626,0.1818384499999999,0.0570069999999999,57779.5486968,97238.360928,4.1,3.0,3.0,1,1,1
ararat23,29.407758192186527,1.9998517206709483,0.0,0.0,320.0,640.0,180.0,360.0,1.696,1.2725,22.200000000000003,16.5,103565.92347015966,16467.675980921456,20.006835,29.36667,0.0384,0.0385,74.48605483870975,222.1798155172414,0.0,0.0,831.4285714285708,800.0,0.0,0.0,0.0,0.0,352.0,320.0,9.4,19.0,35.322775,5.79798,221.6753043478264,0.0003611111111122,0.069061,0.1162670000000005,0.0,0.0,0.0546875,0.0,0.057037,0.0811464,0.0657776,0.151077,57198.3139161,94853.69184,2.0,2.0,2.0,0,0,0
ararat31,28.59854922955613,90.93714685461092,0.0,1.0,960.0,1280.0,540.0,720.0,5.92,0.601,6.800000000000001,21.700000000000003,211180.81578305352,702045.3241946229,205.5672258,146.4046393,0.0711,0.0326,857.2595585714286,348.44251310483907,0.0,0.0,247.66285714285704,1093.7482993197284,0.0,0.0,0.0,0.0,1280.0,960.0,29.0,9.0,65.435644,460.0977242,27.81852139037432,742.0660072207783,0.1747190000000001,0.101729,0.0,0.0,0.00390625,0.1869140625000001,0.1719875,0.0634397999999999,0.1087999,0.0681,58113.801295200006,97622.68032,3.4,2.0,2.0,0,0,0
ararat32,39.96071862152182,162.63642490200513,0.0,0.0,480.0,1280.0,270.0,720.0,0.0,0.429,28.9,29.0,236189.68751297923,1376424.7320760123,10.64589,56.8609564,0.015,0.027,17.56806451612905,125.96741045606228,0.0,0.0,172.01754385964955,369.6744186046484,0.0,0.0,0.0,0.0,1280.0,480.0,29.0,25.1,3.5585646,18.3457648,1.031270597826088,1.069648459383778,0.0476880999999999,27.1,0.0,0.0,0.0,0.0,0.0518824999999999,21.1,0.050522,0.06488,58585.291065000005,97637.515104,3.7,2.5,2.5,1,1,1
bendigo11,40.90798195202,104.78626398511412,0.0,0.0,480.0,960.0,270.0,540.0,0.609,0.0,10.0,17.0,277538.44977843174,859507.8727436771,52.1273155,59.0857354,0.0471,0.024,206.0507642857142,107.4784133333334,0.0,0.0,145.32470588235282,104.98000000000046,0.0,0.0,0.0,0.0,960.0,480.0,19.2,10.0,17.4257099,293.2616353,0.0014220588235257,29.490177235023037,0.066299,0.072952,0.0,0.0,0.0,0.0,0.063843,0.057175,0.064163,0.0601671,54961.6768848,100964.8776,2.2,3.0,2.2,0,0,0
bendigo12,106.73256257761363,162.403503282582,0.0,2.0,960.0,1280.0,540.0,720.0,0.0,0.392,15.9,29.8,888002.1695327677,1390207.5793492135,68.9771966,115.013675,0.0241,0.0184,113.73262499999991,177.604826420891,0.0,0.0,133.60000000000005,91.76874999999836,0.0,0.0,0.0,0.0,1280.0,960.0,30.0,18.0,101.6194937,5.429435399999999,0.4896871629213084,0.0008071034228922,0.0566211,0.063507,0.0,0.0,0.0,0.0,0.0618162999999999,0.099533,0.06380765,0.0644895,57632.7138219,97009.274496,3.0,3.5,3.0,0,1,0
bendigo13,105.78981750134868,143.7902204573299,0.0,0.0,960.0,1280.0,540.0,720.0,0.0,0.0,17.0,26.8,865990.661722109,1224471.5441792682,70.36063800000001,69.2803664,0.025,0.0171,108.55641333333308,97.64148666666676,0.0,0.0,130.0,86.66666666666616,0.0,0.0,0.0,0.0,1280.0,960.0,25.4,18.0,3.343006,10.368624,0.0013220338983042,0.3968850574712647,0.067978,0.0696109999999999,0.0,0.0,0.0,0.0,0.0628809999999999,0.0703739999999999,0.074097,0.064819,56508.535629,95426.87232,1.9,2.0,1.9,0,0,0
bendigo21,28.43361284646461,94.06375448825624,0.0,0.0,320.0,1280.0,180.0,720.0,0.211,0.668,24.5,21.6,115735.58198681734,741019.3442198217,48.3181184,112.430985,0.0325,0.0345,117.78032946236554,287.94510714285707,0.0,0.0,650.7857142857132,230.30842105263167,0.0,0.0,0.0,0.0,1280.0,320.0,23.2,24.1,147.7827702,1.9660482,52.86548219395864,0.0006058823529422,0.208386,0.0856929999999999,0.02109375,0.0,0.20703125,0.0,0.1967744,0.0753634,0.1577849,0.0904389999999999,52223.7773358,101181.967776,1.3,2.0,1.3,0,0,0
bendigo22,12.002293431112962,124.96417305814872,0.0,0.0,320.0,1280.0,180.0,720.0,2.7414,0.786,10.0,16.0,46012.42666626082,1058765.0253670693,37.5831504,59.861849600000006,0.0437999999999999,0.042,318.7011492063492,195.39220000000037,0.0,0.0,1488.8,384.5952380952368,0.0,0.0,0.0,0.0,320.0,320.0,15.2,5.0,153.966846,42.9153808,10.98961538461542,197.55153946759253,0.1117293,1.075729,0.0,0.0,0.0,0.0,0.1329834999999999,0.150009,0.1102694999999999,0.169937,56933.380476,97585.64899200002,1.0,0.0,0.0,0,0,0
bendigo23,124.42527757831142,18.998387473597383,2.0,0.0,1184.0,480.0,666.0,270.0,0.196,0.244,16.1,7.600000000000001,1046892.6321349778,155724.60930749984,102.063602,80.78266599999999,0.0431999999999999,0.083,213.3510766884526,197.307,0.0,0.0,364.1785714285717,899.735849056604,0.0,0.0,0.0,0.0,480.0,960.0,6.300000000000001,15.2,48.2593396,59.2044422,50.75535113636374,5.734586389142621,0.1645960999999999,0.0655017,0.0,0.0,0.0,0.0,0.1535236,0.0653545999999999,0.3063511,0.0785873999999999,55641.892131,96925.640928,2.6,2.5,2.5,0,1,0
bendigo32,149.91558913575616,153.94278030526735,2.0,1.0,1280.0,1280.0,720.0,720.0,0.0,0.0,29.0,26.9,1272664.189855499,1289184.8170104695,40.2023263,31.368859,0.0161,0.015,56.1111466666667,39.84353333333335,0.0,0.0,68.64864864864849,71.62499999999928,0.0,0.0,0.0,0.0,1280.0,1280.0,27.1,30.0,0.257806,1.1063866,0.0011920529801325,0.6395734058988752,0.058121,0.0603989999999999,0.0,0.0,0.0,0.0,0.063065,0.0569522,0.057144,0.0562296999999999,57007.4619933,96895.60872,2.8,3.0,2.8,0,0,0
bendigo33,146.92840331209624,155.58628110237672,2.0,0.0,1280.0,1280.0,720.0,720.0,0.0,0.491,24.0,29.0,1223004.8685680411,1307676.537344745,45.10554580000001,37.93085,0.0261,0.025,80.45630999999999,88.77123333333353,0.0,0.0,154.2391304347826,217.583783783784,0.0,0.0,0.0,0.0,1280.0,1280.0,30.0,24.0,8.952861199999996,17.70567540000004,1.904973149719357,5.572474853801165,0.05957,0.1725555,0.0,0.0,0.0,0.0,0.0612949999999999,0.170731,0.0564579999999999,0.165985,57373.714654200005,98566.935552,3.0,2.5,2.5,0,0,0
elmore11,111.25713558977866,103.00056333593253,2.0,1.1000000000000014,960.0,960.0,540.0,540.0,0.227,0.0,21.4,12.0,905604.3379154162,832106.5708134272,71.2969149,55.8980432,0.0222,0.0235,167.200586666667,104.16576047202793,0.0,0.0,116.20588235294024,234.31431334622792,0.0,0.0,0.0,0.0,960.0,960.0,13.0,22.2,5.6793504,8.24664055,0.0015537245793905,1.763943533758033,0.0619503999999999,0.1252636000000001,0.0,0.0,0.0,0.0,0.0634919999999999,0.1259359000000001,0.062759,0.1300944,55326.0713922,98281.005456,2.8,2.5,2.5,0,0,0
elmore12,107.77251167201234,41.01321049866288,0.0,1.0,960.0,640.0,540.0,360.0,0.0,0.208,15.8,8.0,874700.7510371753,336628.4291953666,116.0623728,61.929415,0.0241,0.02,206.83398421052632,124.54070000000002,0.0,0.0,218.91891891891893,94.6799999999991,0.0,0.0,0.0,0.0,640.0,960.0,9.0,17.1,8.823517399999998,8.352539199999999,1.3060286764705906,0.0008259708193061,0.078156,0.070618,0.0,0.0,0.0,0.0,0.064148,0.074326,0.072556,0.080994,57298.2263028,98446.655808,2.4,2.0,2.0,0,0,0
elmore13,104.82219363988422,102.04795468298916,0.0,0.0,960.0,960.0,540.0,540.0,0.218,0.409,17.0,20.700000000000003,869688.9181962713,852257.3504023043,80.16252279999999,39.291122,0.018,0.017,125.14389333333337,75.56546666666672,0.0,0.0,223.0434782608697,90.8041958041958,0.0,0.0,0.0,0.0,960.0,960.0,19.0,17.2,5.303753,7.8331876,0.0009828571428524,0.0007689527678003,0.061737,0.0630144999999999,0.0,0.0,0.0078125,0.0,0.049393,0.0603669,0.06041,0.0637464,57162.1693797,98826.46838400002,2.6,2.0,2.0,0,0,0
elmore21,153.2987744742686,156.08190543028164,0.0,0.0,1280.0,1280.0,720.0,720.0,0.0,0.0,29.0,29.0,1264038.5276150815,1329573.3412413965,50.5847722,47.946042,0.022,0.019,92.22322333333334,79.46906666666666,0.0,0.0,96.5208333333334,136.1275,0.0,0.0,0.0,0.0,1280.0,1280.0,29.0,28.1,2.037869,6.3901726,1.4037353472109275,4.584441656976747,0.0735194999999999,0.0716415,0.0,0.0,0.0,0.0,0.0681942,0.0691541,0.0779986,0.0738742,57790.5004908,97913.000256,4.2,3.5,3.5,1,1,1
elmore22,153.02969889042302,89.0145408373663,0.0,0.0,1280.0,960.0,720.0,540.0,0.0,1.997,29.0,12.4,1262837.4179043274,747362.9671278057,33.985839,31.5221231,0.017,0.0514,51.82856666666661,74.28581195652195,0.0,0.0,85.56250000000007,101.2657142857143,0.0,0.0,0.0,0.0,960.0,1280.0,13.2,30.0,163.3971465,0.4253439999999999,25.56235456221199,0.4417854529791815,0.0592137,0.0514979999999999,0.0,0.0,0.0,0.0,0.0571589999999999,0.0450493,0.0619959999999999,0.0539399999999999,57783.1489326,96846.299856,4.2,3.0,3.0,1,1,1
elmore23,68.99819045044194,125.92488904484806,7.0,9.1,1280.0,960.0,720.0,540.0,1.239,0.718,25.0,15.0,505674.7381522186,1035353.0048442392,66.88185,43.04018920000001,0.028,0.0324,123.6044193548386,139.28361074074078,0.0,0.0,172.09782608695684,227.345,0.0,0.0,0.0,0.0,960.0,1280.0,18.0,28.0,13.6422349,52.267828900000005,0.0012331384704324,3.46291927760456,0.076553,0.2184674,0.0,0.0109375000000001,0.046875,0.1171875,0.080414,0.188187,0.071548,0.184006,57616.3603512,96874.734912,3.0,3.0,3.0,1,1,1
elmore31,142.9950158667382,149.0876901940605,9.0,7.0,1280.0,1280.0,720.0,720.0,0.0,0.25,24.9,28.0,1204505.013839295,1249160.429809782,91.3788244,72.827199,0.027,0.026,175.62602869269932,202.9033999999996,0.0,0.0,141.49999999999994,115.62000000000018,0.0,0.0,0.0,0.0,1280.0,1280.0,29.0,25.3,19.470139499999988,52.5014119,6.02537157287157,9.21628694514904,0.0781709999999999,0.0709689999999999,0.0,0.0,0.140625,0.0,0.0862517,0.079025,0.0825069,0.079636,57546.83462849999,96988.421328,3.0,3.0,3.0,0,1,0
elmore32,160.99485652189875,163.84534651592813,1.0,3.0,1280.0,1280.0,720.0,720.0,0.0,0.237,29.0,24.9,1355156.7053321565,1398534.1826628002,40.695629,50.824077,0.017,0.025,85.36910344827581,76.85258620689659,0.0,0.0,158.31999999999994,149.9,0.0,0.0,0.0,0.0,1280.0,1280.0,26.0,29.0,5.2628289,47.364200700000005,1.0738561332372172,0.1436037301587333,0.0550567999999999,0.074615,0.0,0.0,0.0,0.0,0.057739,0.074219,0.0558009999999999,0.0772549999999999,57748.931037,97539.481632,2.9,2.5,2.5,0,0,0
shep11,47.819849325994944,43.5856065729091,1.0,0.0,640.0,480.0,360.0,270.0,0.242,0.0,10.6,10.9,372399.805076968,298546.5955548778,62.7569046,33.117126400000004,0.0357,0.0233,138.34022888888902,86.63789999999977,0.0,0.0,170.79999999999995,120.6828571428572,0.0,0.0,0.0,0.0,480.0,640.0,11.0,11.0,22.769371,17.8944062,0.0014473684210445,3.0820835614623854,0.080597,0.061951,0.0,0.0,0.0,0.0,0.067886,0.073227,0.07959,0.0697429,57043.7457534,103039.58016,2.9,1.5,1.5,0,0,0
shep12,51.394878883950994,36.00030307434341,3.0,4.0,640.0,480.0,360.0,270.0,0.452,3.869,16.0,6.800000000000002,383506.43925891694,263563.4829560188,88.61898790000001,53.870956500000005,0.0321,0.1021,241.96823124999972,388.4950132867132,0.0,0.0,180.6060606060608,181.0,0.0,0.0,0.0,0.0,480.0,640.0,5.0,16.1,133.43123599999998,42.834734,55.42161475409836,0.4164112149532714,0.066589,0.067749,0.0,0.0,0.0,0.0,0.056808,0.0602800999999999,0.066345,0.07658465,56856.885939,95043.01008,2.5,1.5,1.5,0,0,0
shep13,123.09495803406546,6.995893504665259,0.0,17.0,960.0,960.0,540.0,540.0,0.236,3.471,17.0,15.2,1053700.640744912,43206.63828481264,72.0929048,52.816679,0.023,0.075,128.57364949832768,80.87218181818204,0.0,0.0,116.42857142857164,303.45882352941226,0.0,0.0,0.0,0.0,960.0,960.0,4.0,17.0,3.590857,6.066753,126.3571818181818,0.5436939643942722,0.060272,0.604904,0.0,0.0,0.05078125,0.0,0.0803069999999999,0.5959034500000001,0.0603029999999999,0.6017290000000002,56868.8697612,97929.882336,1.7,1.0,1.0,0,0,0
shep21,162.17693559104552,146.89285505476934,1.0,0.0,1280.0,1280.0,720.0,720.0,0.282,0.0,29.0,23.8,1414316.4716676644,1276193.2480042248,56.160598,40.1795954,0.019,0.017,71.34953333333331,57.54334333333338,0.0,0.0,162.37999999999994,79.99999999999983,0.0,0.0,0.0,0.0,1280.0,1280.0,22.2,30.0,1.7343879,3.1825984000000003,0.0012692939244664,0.4448836293342997,0.0644117,0.0497279999999999,0.0,0.0,0.0457031250000001,0.0,0.0618708999999999,0.056213,0.0613694,0.0572509999999999,57299.3849421,98257.875072,3.4,3.0,3.0,1,1,1
shep22,157.9909973506053,108.01663654976156,0.0,0.0,1280.0,960.0,720.0,540.0,0.369,0.0,29.9,13.9,1356490.704391873,862356.8188192742,45.183072,46.030976,0.02,0.028,72.31082142857142,81.75933333333334,0.0,0.0,338.49160839160857,100.95164410058028,0.0,0.0,0.0,0.0,960.0,1280.0,13.2,29.0,1.651856,1.2608378,0.0014091050410836,0.0007549494949489,0.0588884999999999,0.0504299999999999,0.0,0.0,0.0,0.0,0.0683596999999999,0.0731199999999999,0.0646913,0.0573119999999999,58417.290351,98574.03916800002,2.9,1.5,1.5,0,0,0
shep23,148.87481082492363,19.90523055202879,0.0,6.0,1280.0,960.0,720.0,540.0,0.0,1.578,28.9,9.7,1241188.281883668,168254.43267340952,82.713719,38.192323,0.024,0.063,117.66560000000013,290.51269999999965,0.0,0.0,142.49000000000274,250.69379310344817,0.0,0.0,0.0,0.0,960.0,1280.0,5.600000000000001,29.1,19.530530099999996,10.1307147,185.7551289830506,3.969453379250968,0.062555,0.67713485,0.0,0.0,0.0,0.0,0.0595151999999999,0.7457456500000001,0.1227568,0.6962206500000001,57841.7696514,90336.079488,3.1,1.5,1.5,1,0,0
shep31,146.575021338059,38.00422094333467,1.0,0.0,1280.0,480.0,720.0,270.0,0.282,2.765,25.9,10.1,1230783.6945475163,265356.12978855835,86.4172152,28.4549047,0.0301,0.0311,144.95847064516136,63.25251114551082,0.0,0.0,307.25000000000074,149.71999999999989,0.0,0.0,0.0,0.0,480.0,1280.0,12.2,29.3,36.9281202,31.8299276,0.0010897129186124,2.6229284263959403,0.072449,0.0541138,0.0,0.0,0.03515625,0.0,0.077957,0.0559328,0.0761719999999999,0.0655885999999999,57389.6344896,98068.716096,3.5,3.2,3.2,1,1,1
shep32,150.06595568559536,91.2109467126629,0.0,1.0,1280.0,960.0,720.0,540.0,0.279,0.709800000000001,27.4,15.0,1238842.297909019,745212.3085427452,65.803818,80.9847479,0.0261,0.0519,106.7091541935485,156.97971724565767,0.0,0.0,347.73130434782587,166.9666666666668,0.0,0.0,0.0,0.0,960.0,1280.0,16.1,28.6,155.88115969999998,1.7366904000000007,11.686555755395704,1.2277013996426445,0.0861209999999999,0.1229580000000001,0.0,0.0,0.0,0.01953125,0.089111,0.1191805,0.105392,0.1308842000000001,55089.991920600005,101705.253408,3.0,3.0,3.0,1,1,1
shep33,152.7028969365201,142.2134056970052,0.0,0.0,1280.0,1280.0,720.0,720.0,0.0,0.884,29.0,17.0,1280816.2898324074,1247790.224135224,52.4015476,46.415469900000005,0.0171,0.0257,72.72637333333334,122.62750500000024,0.0,0.0,169.74358974358967,100.51999999999995,0.0,0.0,0.0,0.0,1280.0,1280.0,17.1,30.0,25.183979,1.2929925999999998,0.5708010752688171,0.0008070971818532,0.0699009999999999,0.0633852,0.00390625,0.0,0.12890625,0.0,0.071503,0.0670103999999999,0.07309,0.0637877999999999,56269.956834,101744.276736,3.0,3.0,3.0,1,1,1
wang11,148.9262821683465,160.3520092751426,2.0,0.0,1280.0,1280.0,720.0,720.0,0.0,0.0,29.0,30.0,1269926.0177765165,1355451.5586647615,37.9711749,38.1730903,0.0181,0.016,49.36276999999998,52.9673433333333,0.0,0.0,89.44444444444436,150.8258823529413,0.0,0.0,0.0,0.0,1280.0,1280.0,30.0,30.0,1.810234,1.1902166,0.0011104651162793,0.0009332445446159,0.0550867999999999,0.075653,0.0,0.0,0.0,0.0,0.0541182999999999,0.0697779999999999,0.0602781,0.0606229999999999,56881.4399811,92880.660768,4.5,4.5,4.5,1,1,1
wang12,151.40098152869157,147.85421402432388,0.0,0.0,1280.0,1280.0,720.0,720.0,0.837,0.229,29.0,29.0,1259497.7465760333,1239913.017211305,39.15573870000001,42.4279439,0.0234,0.0182,76.94683333333326,67.25321666666667,0.0,0.0,261.2242857142853,169.32397660818717,0.0,0.0,0.0,0.0,1280.0,1280.0,30.0,30.0,1.0328144,0.5438088,0.0011563754165121,0.0008844915370855,0.075668,0.0610809999999999,0.0,0.0,0.015625,0.0,0.140732,0.060654,0.0728149999999999,0.0598449999999999,57631.6617723,91822.686864,1.5,3.0,1.5,0,1,0
wang13,149.6976928763209,156.86951338967606,0.0,0.0,1280.0,1280.0,720.0,720.0,0.0,0.0,29.0,29.0,1258937.0707291462,1315229.0795831387,40.2162675,40.1350952,0.0161,0.018,53.35366666666668,51.953338172043,0.0,0.0,135.89743589743588,123.27999999999992,0.0,0.0,0.0,0.0,1280.0,1280.0,30.0,29.0,0.574788,0.4109749,0.0012077922077923,0.000831975491516,0.0626606,0.067078,0.0,0.0,0.0,0.0,0.0617679999999999,0.0622099999999999,0.0559999999999999,0.0628809999999999,57032.84313089999,97068.7872,2.3,2.0,2.0,0,0,0
wang21,150.95625057958637,144.77338634708073,0.0,3.0,1280.0,1280.0,720.0,720.0,0.293,0.901,27.8,21.9,1263145.8140949437,1235623.7654285158,39.252671,63.17604480000001,0.0243999999999999,0.024,70.50956774193558,106.58216000000004,0.0,0.0,132.60000000000005,150.4347826086959,0.0,0.0,0.0,0.0,1280.0,1280.0,20.0,27.1,2.989706,1.489613,0.4716913580246898,0.0007878787878785,0.0544129999999999,0.0840497999999999,0.0,0.003515625,0.0,0.09765625,0.062698,0.1159512999999999,0.0633239999999999,0.0918534,56258.457759,94849.013424,2.0,2.5,2.0,0,0,0
wang22,133.58346495274824,107.38222261332672,2.0,3.1000000000000014,1280.0,960.0,720.0,540.0,0.487,0.0,22.200000000000003,19.8,1133915.6637913738,872485.5818157435,48.1312652,91.4296122,0.0172,0.02235,92.95998666666662,135.8167013095238,0.0,0.0,129.60000000000005,73.94523809523807,0.0,0.0,0.0,0.0,960.0,1280.0,17.0,27.1,23.095708,2.9046692,2.92439490445861,2.7015845382813453,0.062607,0.0529999999999999,0.0,0.0,0.0,0.0,0.070129,0.0550871999999999,0.0702209999999999,0.0544022999999999,56970.967347,97359.582888,2.2,3.0,2.2,0,1,0
wang23,151.02130953874243,148.0013408782371,0.0,1.0,1280.0,1280.0,720.0,720.0,0.0,0.0,29.0,20.8,1270775.2519705798,1243571.6602799806,33.5791852,62.21682,0.016,0.018,43.66700666666669,95.08076666666672,0.0,0.0,75.79999999999988,74.40000000000002,0.0,0.0,0.0,0.0,1280.0,1280.0,21.0,30.0,5.983376,1.879118,0.0011542857142846,0.000917780580076,0.0629730999999999,0.0556196,0.0,0.0,0.0078125,0.0,0.0659479999999999,0.0570204,0.066315,0.0512968999999999,56420.7482727,97924.881216,2.3,2.5,2.3,0,0,0
wang31,136.80610670820298,160.92724522392362,0.0,0.0,1280.0,1280.0,720.0,720.0,0.0,0.0,16.9,29.0,1179387.1406443575,1364555.2629214572,36.6903711,34.76184980000001,0.0211,0.024,64.33184499999989,93.42392701149436,0.0,0.0,149.48809523809527,148.33410138248848,0.0,0.0,0.0,0.0,1280.0,1280.0,30.0,17.0,25.8639156,2.13548,3.9806886060605935,0.0008856790676817,0.0598529999999999,0.1775623,0.0,0.0,0.0,0.0,0.0556184999999999,0.1558685,0.0595854999999998,0.1569842,57785.7260043,96914.662848,2.9,3.4,2.9,0,1,0
wang32,140.21030221262674,155.01431516009563,0.0,0.0,1280.0,1280.0,720.0,720.0,1.209,0.0,22.200000000000003,29.0,1157790.3529774128,1316739.5243728715,107.0503368,61.6645895,0.0335,0.0264,237.57053225806467,105.23451000000006,0.0,0.0,245.0183150183148,155.58545454545433,0.0,0.0,0.0,0.0,1280.0,1280.0,30.0,24.0,0.3101377,107.7401736,0.0011619295836194,12.826816636771325,0.057465,0.114273,0.0,0.05859375,0.0,0.15625,0.0545565999999999,0.127335,0.0653334,0.1100236,58024.0530324,97277.538624,3.3,4.0,3.3,1,1,1
wang33,148.88264980170027,46.34469185816157,0.0,0.0,1280.0,1280.0,720.0,720.0,0.0,1.688,27.9,22.700000000000003,1256978.449207276,307822.20821616735,54.422493300000006,108.2908579,0.0253,0.0391,82.86869333333334,419.93731490545065,0.0,0.0,140.23846153846145,129.28571428571473,0.0,0.0,0.0,0.0,1280.0,1280.0,24.4,29.1,228.5584158,4.492592999999999,31.150915431881906,2.809977477477477,0.0661611,0.163742,0.0,0.0,0.0546875,0.0,0.0682070999999999,0.165512,0.0684722,0.175568,57573.6134715,95969.855712,3.4,3.0,3.0,1,0,0
myrtleford11,145.93011266545875,146.891436437346,0.0,2.0,1280.0,1280.0,720.0,720.0,0.0,0.211,29.0,29.8,1224358.0053360818,1242373.2538465196,76.5396717,65.96079379999999,0.0223,0.0181,106.52177999999998,100.32763946236568,0.0,0.0,154.78938775510193,435.2494117647059,0.0,0.0,0.0,0.0,1280.0,1280.0,30.0,30.0,2.2995588,15.340825900000004,0.0013633333333319,4.516693606364937,0.0652418,0.077957,0.0,0.0,0.0,0.0,0.0592728,0.1187581,0.0654048999999999,0.0883009999999999,57933.3075804,102101.951904,3.0,4.0,3.0,1,1,1
myrtleford12,155.79077636934636,130.6312179481823,0.0,0.0,1280.0,1280.0,720.0,720.0,0.0,0.0,29.9,27.200000000000003,1315748.9282000966,1086554.208707563,55.7602046,64.78244899999999,0.02,0.0192,72.55749709677414,99.97368000000004,0.0,0.0,184.34307692307692,164.49999999999972,0.0,0.0,0.0,0.0,1280.0,1280.0,30.0,30.0,5.846258499999999,1.804126,5.361220166362338,0.0013048128342253,0.0672444,0.082504,0.0,0.0,0.0,0.0,0.0708083999999999,0.070557,0.078104,0.0875595999999999,57814.60413959999,95496.49584,2.7,3.5,2.7,0,1,0
myrtleford13,159.98566929040817,152.79335142041748,0.0,0.0,1280.0,1280.0,720.0,720.0,0.0,0.0,29.0,29.0,1332511.1970701343,1284857.632926864,78.57285,56.1539058,0.024,0.0174,110.38043411764706,80.87691333333329,0.0,0.0,232.0100000000002,148.32285714285717,0.0,0.0,0.0,0.0,1280.0,1280.0,29.0,30.0,1.9517215,28.6507351,0.0011777120431115,7.142265513513513,0.0686320999999999,0.0781709999999999,0.0,0.0,0.0,0.0,0.0585601,0.072632,0.1313503000000001,0.0859009,57837.26607120001,97402.021872,2.4,2.3,2.3,0,0,0
myrtleford21,140.95979115036,147.7484303425999,0.0,0.0,1280.0,1280.0,720.0,720.0,0.0,0.0,28.6,28.0,1196399.467591779,1238396.9613051708,34.3347508,53.6912993,0.0172,0.016,54.6477766666667,73.46303000000009,0.0,0.0,95.40000000000023,70.0,0.0,0.0,0.0,0.0,1280.0,1280.0,27.1,29.0,3.814557,21.1920154,0.0021179775280915,0.0012203165452242,0.0673069999999999,0.053436,0.0,0.0,0.0,0.0,0.064606,0.057358,0.062195,0.051483,56435.011227,98247.32025600002,2.4,3.0,2.4,0,1,0
myrtleford22,145.47383574735895,135.96641607116467,2.0,0.0,1280.0,1280.0,720.0,720.0,0.0,0.428,29.0,19.9,1221796.9189619324,1156358.4952598256,70.9829955,79.305859,0.0251,0.024,110.6247815172414,122.4974,0.0,0.0,164.25517241379313,166.33333333333363,0.0,0.0,0.0,0.0,1280.0,1280.0,26.0,29.0,6.826619999999999,1.9950582,1.117692088068181,0.0008846774193547,0.062759,0.081039,0.0,0.0,0.49609375,0.0,0.072113,0.0820009999999999,0.066513,0.079498,57454.024635,98160.044352,2.6,3.0,2.6,0,1,0
myrtleford23,156.70065151296333,105.56521901087623,1.0,0.0,1280.0,960.0,720.0,540.0,0.0,0.0,29.0,27.700000000000003,1320708.3836966148,843025.7326364398,46.2053401,66.5723439,0.0171,0.019,72.09628599999996,87.8077866666666,0.0,0.0,155.80000000000018,59.44444444444475,0.0,0.0,0.0,0.0,960.0,1280.0,26.0,29.0,4.397319,1.830079,0.0015901639344228,0.0008654232055564,0.073044,0.0558106999999999,0.0,0.0,0.0,0.03515625,0.069061,0.052002,0.062927,0.06459,57049.0002243,98689.39929600002,3.0,4.0,3.0,1,1,1
myrtleford32,21.6749364306106,24.19323272134066,0.0,0.0,320.0,480.0,180.0,270.0,1.922,0.559,11.1,13.6,127029.67426587862,112908.01276601736,71.6861804,62.356072200000014,0.04465,0.0342,264.2091463574879,211.17251870967743,0.0,0.0,461.19999999999953,371.9166666666653,0.0,0.0,0.0,0.0,480.0,320.0,19.8,8.0,25.32522585,62.1894507,38.35507656752844,189.2647291666665,0.2236249,0.1905620999999999,0.0,0.0,0.001171875,0.0,0.2348724,0.0883913999999999,0.26507995,0.198959,56706.37063245,97170.865536,1.1,1.5,1.1,0,0,0
euroa11,153.60122834633108,161.84472555534407,0.0,0.0,1280.0,1280.0,720.0,720.0,0.0,0.0,29.8,29.0,1289690.034632733,1361147.0755043854,36.9372502,82.9609927,0.0181999999999999,0.0221,51.14629999999999,123.13561333333342,0.0,0.0,86.40000000000009,161.6066666666667,0.0,0.0,0.0,0.0,1280.0,1280.0,30.0,30.0,9.951743,2.6198643,5.050590361445782,0.422068717896035,0.075089,0.064804,0.0,0.0,0.0,0.0,0.094238,0.0580996,0.09314,0.0568332999999999,57030.6613275,94168.16832,4.0,5.0,4.0,1,1,1
euroa12,101.57148331023572,160.14791245260014,0.0,1.0,1280.0,1280.0,720.0,720.0,0.0,0.0,27.8,29.0,820297.1068807922,1352204.7102071668,81.0443257,53.82224780000001,0.024,0.0251,127.85993,81.01811333333335,0.0,0.0,75.99999999999984,182.1428571428572,0.0,0.0,0.0,0.0,1280.0,1280.0,31.0,26.3,10.731695,12.011531,3.2677091836734684,5.663071513148835,0.083893,0.066925,0.0,0.0,0.0,0.0,0.094788,0.0665798,0.08728,0.064453,56931.040089,97893.186528,3.8,4.0,3.8,1,1,1
euroa13,156.2302897450532,158.63067177065258,2.0,4.0,1280.0,1280.0,720.0,720.0,0.455,0.0,29.0,29.0,1301818.5691227033,1328978.0478102702,45.187084600000006,59.6979243,0.0163,0.0231,64.67786935483875,80.22140967741922,0.0,0.0,227.21153846153868,154.38833333333326,0.0,0.0,0.0,0.0,1280.0,1280.0,30.0,30.0,1.8586453,0.2925859999999999,0.6231731053045426,0.0007415532048596,0.062683,0.0636255,0.0,0.0,0.00390625,0.03515625,0.0793,0.0661669999999999,0.070892,0.0644828999999999,55397.7958968,98181.04492800002,4.1,3.0,3.0,1,1,1
euroa21,156.92680901999074,145.74032645500156,0.0,17.0,1280.0,1280.0,720.0,720.0,0.0,0.19,26.0,23.6,1330552.9581497186,1214455.4791451506,36.611194700000006,40.0023536,0.019,0.018,50.31513390804592,58.947551290322586,0.0,0.0,128.3099999999999,115.04734693877532,0.0,0.0,0.0,0.0,1280.0,1280.0,24.1,26.1,1.2866619999999998,1.5912213,0.0009883222183213,0.0008464565162519,0.0559785999999999,0.0636439999999999,0.0,0.0,0.011328125,0.0,0.0514938999999999,0.066437,0.052214,0.0738979999999999,57575.6190072,97207.496832,3.2,3.0,3.0,1,1,1
euroa22,154.94979458550412,128.86649754128416,0.0,0.0,1280.0,1280.0,720.0,720.0,0.298,0.55,28.0,20.9,1304582.6322378158,1094447.3268654917,63.275248,56.9020196,0.019,0.0285,96.01930000000016,107.78504000000008,0.0,0.0,316.5,178.70833333333334,0.0,0.0,0.0,0.0,1280.0,1280.0,21.5,29.0,31.08195,1.4911192,4.997311030595809,0.0008178160919539,0.0671862,0.053909,0.0,0.0,0.0,0.0,0.0618712,0.055838,0.0653289999999999,0.0550258,58232.33918460001,97293.42336,3.2,4.0,3.2,1,1,1
euroa23,163.1527160556876,156.0040541748774,0.0,0.0,1280.0,1280.0,720.0,720.0,0.0,0.0,25.9,29.0,1376744.6761662075,1319242.283973921,30.482907,33.839226,0.019,0.021,42.41383333333335,45.09983333333333,0.0,0.0,89.75999999999905,88.76315789473658,0.0,0.0,0.0,0.0,1280.0,1280.0,30.0,28.0,0.4834828999999999,1.7602274,0.0010377535301667,0.0008285430149959,0.071156,0.143982,0.0,0.0,0.0078125,0.0,0.0658233999999999,0.191132,0.065399,0.147034,57314.5803909,96959.812992,2.8,3.0,2.8,0,1,0
euroa31,127.44790961649178,35.99954361879022,0.0,0.0,1280.0,480.0,720.0,270.0,0.826,0.0,23.6,7.9,1059092.0392108476,278667.3869979123,60.226691200000005,33.1000809,0.03,0.0372,120.05447888888882,135.9851129411763,0.0,0.0,139.58333333333334,150.38636363636363,0.0,0.0,0.0,0.0,480.0,1280.0,7.1,24.3,13.396124,8.9914725,3.6529530201342295,3.4588286428571444,0.0565700999999999,0.0885972,0.0,0.0,0.0,0.0703125,0.0689639,0.0633532,0.064636,0.0848678,56638.301202,97062.516528,2.6,2.0,2.0,0,0,0
euroa32,145.87702744449368,110.04378869135996,0.0,0.0,1280.0,960.0,720.0,540.0,0.309,1.613,29.0,17.0,1212620.016332854,910762.4111328556,78.1450889,135.070694,0.0262,0.035,128.53755,269.3906470588235,0.0,0.0,290.4545454545452,474.2999999999994,0.0,0.0,0.0,0.0,960.0,1280.0,18.0,29.0,40.100458,12.071351599999998,10.36851006711409,14.168407805108783,0.067947,0.3241382999999999,0.0,0.0,0.0,0.0,0.07782,0.2964631999999999,0.082062,0.3438555000000001,57021.7594338,97792.221504,2.3,2.0,2.0,0,0,0
seymore11,148.97969160844238,166.9442153836269,0.0,0.0,1280.0,1280.0,720.0,720.0,0.224,0.0,28.8,29.0,1233964.5872734406,1408304.974374329,35.4016198,45.203578750000005,0.0218,0.026,66.33363999999995,126.93449000000004,0.0,0.0,174.45878787878794,224.97443977591027,0.0,0.0,0.0,0.0,1280.0,1280.0,30.0,30.0,6.589218999999999,0.1985564,3.7038484546360926,0.0008208893360161,0.0709141,0.16329675,0.0,0.0,0.0,0.0,0.070706,0.15983035,0.0756974999999999,0.1292572,58007.8063278,97292.40912,3.3,4.0,3.3,1,1,1
seymore12,155.0656966550245,165.75590966415663,1.0,1.0,1280.0,1280.0,720.0,720.0,0.0,0.0,29.0,30.0,1317966.3825735648,1406531.154444456,46.925542,41.8129015,0.015,0.01255,58.05,53.3150475,0.0,0.0,85.0,77.63276019476562,0.0,0.0,0.0,0.0,1280.0,1280.0,30.0,30.0,2.9003373,1.1724654499999998,0.5018869879518061,0.1749007412398918,0.0557633,0.0479487999999999,0.0,0.0,0.0,0.0,0.0490658999999999,0.0476996,0.0590698999999999,0.0523231999999999,57944.78354700001,97454.933952,3.9,4.0,3.9,1,1,1
seymore13,157.71346838531625,164.79071723687218,0.0,0.0,1280.0,1280.0,720.0,720.0,0.0,0.0,26.9,28.9,1334526.5082087824,1398719.4951710664,34.1037786,36.735085950000006,0.0141,0.013,46.45051142857136,46.43133540983606,0.0,0.0,69.3285714285713,165.87424809561338,0.0,0.0,0.0,0.0,1280.0,1280.0,30.0,26.0,0.9780115,0.9201977,0.0012203620754014,0.112991661345253,0.0550992,0.0651213999999999,0.0,0.0,0.0,0.0,0.0655654,0.0545277499999999,0.0548291,0.0570975499999999,57949.07584409999,98588.225472,4.0,4.0,4.0,1,1,1
seymore21,157.29568239104387,38.015175454543765,0.0,0.0,1280.0,480.0,720.0,270.0,0.0,0.0,29.7,16.700000000000003,1329561.085645768,242945.96517728563,40.6212298,41.5968266,0.018,0.0288,57.91865333333326,124.65194444444452,0.0,0.0,132.39999999999992,122.89764705882354,0.0,0.0,0.0,0.0,480.0,1280.0,18.0,30.0,24.189293,0.2331806,10.74163999999996,0.0008180512212105,0.057434,0.060562,0.0,0.0,0.0,0.0,0.0507199999999999,0.0809479999999999,0.08847,0.0530239999999999,56726.998209,94042.88736,3.0,2.0,2.0,1,1,1
seymore24,145.890558559269,154.8984957707384,1.1000000000000014,12.1,1280.0,1280.0,720.0,720.0,0.0,0.0,27.6,28.9,1219638.959670656,1300026.945398458,56.8805214,42.5211002,0.023,0.02,86.10596333333324,65.0484066666667,0.0,0.0,84.97999999999864,155.75238095238143,0.0,0.0,0.0,0.0,1280.0,1280.0,30.0,26.4,1.2352819,1.2964342000000004,0.0011844762684118,0.0008745119910765,0.0619199999999999,0.072723,0.0,0.01953125,0.0078125,0.0,0.0596919999999999,0.07338,0.064194,0.081894,57742.5376395,98407.272768,4.0,3.0,3.0,1,1,1
seymore31,143.79980602652546,10.200164383020516,1.0,6.0,1280.0,640.0,720.0,360.0,0.0,10.088,29.0,11.8,1205168.2478609788,58511.704404496966,36.058007,91.733194,0.0141,0.238,49.3748866666667,237.10035384615912,0.0,338.4027431710413,112.74580645161296,1223.0588235294106,0.0,12.104514708153353,0.0,69927.00864816562,1280.0,1280.0,29.0,30.0,3.4767466,19.83416900000002,1.686409380433585,9.89054442640692,0.0512022999999999,0.6267453,0.0,0.0,0.0,0.0,0.0532994,0.6430022,0.0538083,0.6613326,57741.2606799,138383.240832,4.5,3.0,3.0,1,1,1
seymore33,149.31560962751095,105.90697911040554,0.0,0.0,1280.0,960.0,720.0,540.0,0.0,0.205,29.0,13.0,1256924.0209721036,905811.1894928564,31.2047647,41.385643,0.015,0.0272,43.2090766666667,109.1274130434783,0.0,0.0,144.71999999999989,155.31999999999994,0.0,0.0,0.0,0.0,960.0,1280.0,12.2,30.0,17.024836999999998,0.4022018,1.1342598303364966,0.0009019873712196,0.0524295,0.0630159999999999,0.0,0.0,0.0,0.0,0.0615967999999999,0.0556519999999999,0.0498324,0.0527407999999999,57768.9788529,99019.249536,3.0,2.0,2.0,1,0,0
dandenong1,80.48204777935346,148.79063186920354,0.0,0.0,960.0,1280.0,540.0,720.0,0.219,0.337,22.0,29.0,643645.2757551589,1255114.136233993,127.4663691,80.19244379999999,0.031,0.0271,275.19258709677416,118.38106559139784,0.0,0.0,402.50000000000153,223.50000000000023,0.0,0.0,0.0,0.0,1280.0,960.0,30.0,23.1,41.735803,91.8378526,4.725480132450331,34.2511333333333,0.1686584999999999,0.1569150999999999,0.0,0.0,0.0,0.0,0.0902789999999999,0.1510800000000001,0.1164354999999999,0.1191386999999999,56777.953554,101511.59376,2.6,1.5,1.5,0,0,0
dandenong1,80.48204777935346,148.79063186920354,0.0,0.0,960.0,1280.0,540.0,720.0,0.219,0.337,22.0,29.0,643645.2757551589,1255114.136233993,127.4663691,80.19244379999999,0.031,0.0271,275.19258709677416,118.38106559139784,0.0,0.0,402.50000000000153,223.50000000000023,0.0,0.0,0.0,0.0,1280.0,960.0,30.0,23.1,41.735803,91.8378526,4.725480132450331,34.2511333333333,0.1686584999999999,0.1569150999999999,0.0,0.0,0.0,0.0,0.0902789999999999,0.1510800000000001,0.1164354999999999,0.1191386999999999,56777.953554,101511.59376,2.1,1.5,1.5,0,0,0
dandenong3,68.99365054390194,155.8988682452962,1.0,4.0,1280.0,1280.0,720.0,720.0,3.426,1.469,13.0,24.9,561914.7375125564,1299871.1843380004,134.635257,75.2044954,0.048,0.0291,331.377470588235,145.8595277217742,0.0,0.0,1055.426705370101,347.08163265306115,0.0,0.0,0.0,0.0,1280.0,1280.0,30.0,14.1,44.9645395,131.8487847,5.497728005115089,56.67820521963817,0.17984,0.2177686499999999,0.0,0.099609375,0.0,0.02734375,0.0704499999999999,0.10923,0.150055,0.588745,57860.6307363,97536.28636800002,2.8,2.0,2.0,0,0,0
mordialloc2,19.603555036242145,11.606104076274,0.0,0.0,480.0,320.0,270.0,180.0,6.420850000000001,3.36,2.5,6.6000000000000005,124067.01722631523,46893.13303055664,70.41249565,38.5571562,0.0901,0.0768,545.837554,297.79108947368417,0.0,0.0,536.1047180667433,1088.452380952381,0.0,0.0,0.0,0.0,320.0,480.0,8.700000000000001,4.1,70.33952625,42.892164400000006,414.8548030092592,88.40841125000007,0.266248,0.7511749999999999,0.0,0.0859375,0.0,0.298828125,0.2300535999999999,0.7516555,0.241098,0.61127085,51889.59417285,84839.33592000001,2.9,1.0,1.0,0,0,0
mordialloc3,13.726210523716654,15.00127665731613,0.0,0.0,480.0,320.0,270.0,180.0,5.736,2.4100000000000006,3.7,6.0,102783.11350090711,77589.53873400205,91.59408685000002,86.71269539999999,0.1579,0.0738,448.9774895833333,383.86248333333344,0.0,0.0,667.9999999999998,913.4782608695656,0.0,0.0,0.0,0.0,320.0,480.0,11.0,6.0,46.783559,84.19699399999999,232.48062078477076,267.287921875,0.2882947999999999,0.25531,0.0,0.0,0.0,0.16796875,0.2644594,0.2594909999999999,0.3023619999999999,0.280518,51626.633877,95090.268576,2.6,15.0,2.6,0,0,0
brighton1,159.57511447461405,155.8830129576444,4.0,2.0,1280.0,1280.0,720.0,720.0,0.0,0.0,29.9,30.0,1321088.288405055,1297802.4071647744,40.1437742,43.310731,0.017,0.018,55.34804333333346,58.165356666666725,0.0,0.0,85.74468085106389,86.40000000000025,0.0,0.0,0.0,0.0,1280.0,1280.0,30.0,30.0,2.404224,0.549171,0.001098837209301,0.0009642857142856,0.0574649999999999,0.0583189999999999,0.0,0.0,0.0,0.0,0.0702209999999999,0.063248,0.078522,0.055893,56990.066616,95862.077712,3.9,3.0,3.0,1,1,1
brighton2,155.880665601868,156.68419098030205,0.0,0.0,1280.0,1280.0,720.0,720.0,0.0,0.0,29.0,30.0,1310828.5505229523,1327955.4320249625,33.6290082,34.8358594,0.0161,0.0162,44.89422999999999,50.40206666666665,0.0,0.0,149.0,88.34947368421061,0.0,0.0,0.0,0.0,1280.0,1280.0,30.0,29.0,0.312905,0.4972835,0.0012483660130718,0.0007765405150289,0.056671,0.055756,0.0,0.0,0.0234375,0.0,0.0608369999999999,0.0794069999999999,0.061188,0.059036,56984.249385,97221.692928,3.1,2.0,2.0,1,0,0
brighton3,147.31366978823803,142.79071097998838,2.0,0.0,1280.0,1280.0,720.0,720.0,0.0,0.195,26.6,27.0,1246936.0493477974,1195712.1804621054,46.4621038,40.887652,0.0342,0.032,71.83582095238086,64.59902311827959,0.0,0.0,134.46691176470588,154.36081632653057,0.0,0.0,0.0,0.0,1280.0,1280.0,30.0,29.0,28.018013,2.5662984,7.704861635220093,0.535288266160546,0.219833,0.201981,0.0,0.0,0.0,0.0,0.1718599999999999,0.163361,0.1724399999999999,0.184563,56136.363822,97161.4716,3.5,3.0,3.0,1,1,1
toorak1,120.987798252425,106.16980287940096,2.0,0.0,1280.0,960.0,720.0,540.0,0.191,1.269,24.9,16.200000000000003,1009197.8983158348,852519.0774781132,117.004673,85.4989192,0.033,0.0433999999999999,203.29534375000003,313.00344904347816,0.0,0.0,366.5129411764703,561.428571428571,0.0,0.0,0.0,0.0,960.0,1280.0,19.0,30.0,253.3741295,18.59405,8.305187361809045,4.1831011904761946,0.09127,0.0931715,0.0,0.0,0.0,0.0,0.1191365499999999,0.0819597999999999,0.1608964500000001,0.1450791,57801.28774769999,95617.49424,3.0,2.9,2.9,1,0,0
toorak2,147.524530140858,120.05359353788758,0.0,1.0,1280.0,1280.0,720.0,720.0,1.403,0.325,28.200000000000003,28.0,1217154.5359382385,975708.4158310504,79.1795566,107.382253,0.0263,0.0271,120.33655499999998,162.61560645161308,0.0,0.0,449.4565826330528,332.2,0.0,0.0,0.0,0.0,1280.0,1280.0,30.0,29.1,53.5538595,22.661836,9.657833658305057,6.208266666666667,0.077914,0.0921171999999999,0.0,0.0,0.0,0.0,0.0869858,0.0738909,0.0655338,0.1398219999999999,57862.4338971,95558.00544,2.7,3.0,2.7,0,1,0
toorak3,95.08680519511512,80.91544511019433,5.0,2.0000000000000284,1280.0,960.0,720.0,540.0,1.117,0.975,17.9,16.700000000000003,790833.9560665557,642227.4061090356,101.976215,83.6695103,0.04,0.0381,218.9032666666667,163.92978000000008,0.0,0.0,394.2799999999999,397.0588235294114,0.0,0.0,0.0,0.0,960.0,1280.0,29.0,27.2,10.8767952,25.5191122,4.998493235581627,11.85154592750537,0.1933867999999999,0.1910594999999999,0.0,0.0220703125,0.0,0.0162109375,0.1816769999999999,0.2148983999999999,0.1758851999999999,0.1624529999999999,58039.1016282,98260.767456,3.0,2.5,2.5,1,0,0
cbd1,105.65214131416134,37.590900235230784,0.0,0.0,960.0,960.0,540.0,540.0,0.0,2.772,15.7,7.0,889773.2368413283,316471.9878267964,52.08683450000001,30.9594192,0.0213,0.1263999999999999,139.65108214285706,109.08438857142885,0.0,0.0,142.49999999999923,199.71,0.0,0.0,0.0,0.0,960.0,960.0,6.5,16.0,13.660612,7.823592199999999,34.230999999999995,0.001026807927472,0.053772,0.0705409999999999,0.0,0.0,0.0625,0.0,0.046021,0.056671,0.059738,0.061569,57234.3172884,97282.613472,2.9,3.0,2.9,0,1,0
cbd2,77.88397360130655,60.2949623874089,0.0,0.0,960.0,1280.0,540.0,720.0,0.431,1.554,8.0,8.8,683368.6500111205,444017.8829511426,98.0288823,105.8781234,0.0553,0.0462,311.7638666666668,502.9795294117649,0.0,0.0,296.9999999999992,232.25641025641065,0.0,0.0,0.0,0.0,1280.0,960.0,10.0,8.0,716.9361759999999,56.510691300000005,573.5622941176471,18.868029338103792,0.0596919999999999,0.1104645999999999,0.0,0.0078125,0.06640625,0.0,0.057526,0.0827406,0.059189,0.0792344,56594.587518,93810.57552,2.6,2.3,2.3,0,0,0
cbd3,134.2800518187732,46.19543963964964,2.0,0.0,1280.0,960.0,720.0,540.0,0.42,2.678,16.9,6.9,1134027.6672847965,381181.5489430561,57.729288800000006,60.584729900000006,0.0279,0.0711,115.32540333333344,177.58308823529336,0.0,0.0,243.73999999999987,596.9132653061224,0.0,0.0,0.0,0.0,960.0,1280.0,10.2,16.0,267.3771243,16.0753978,135.13731681783764,3.990600328137816,0.056435,0.28429485,0.0,0.0,0.0,0.0,0.060638,0.2791246,0.059174,0.3465084,57441.15268289999,96884.581824,2.1,3.0,2.1,0,1,0
brunswickwest1,68.33805045540441,30.983519498824627,1.0,56.0,1280.0,1280.0,720.0,720.0,0.0,0.81,16.6,21.0,567622.4724213483,263267.9646498838,123.4847418,41.8885,0.0292,0.036,247.333064516129,63.171233333333504,0.0,0.0,234.985,108.46022727272738,0.0,0.0,0.0,0.0,1280.0,1280.0,7.0,18.3,1.3985593999999997,50.7805953,13.12429388888888,7.797986457572653,0.08075,0.4389967999999998,0.0,0.0,0.09375,0.0,0.08223,0.4824155999999998,0.069687,0.5003847999999997,57502.0098891,97212.260064,2.0,2.3,2.0,0,0,0
brunswickwest2,112.7203557946458,38.98837874513734,0.0,0.0,960.0,480.0,540.0,270.0,0.0,0.0,26.0,19.0,929557.5643379544,262992.7305230788,80.7979445,58.0490599,0.0263,0.0281,163.65646999999998,113.92409133333314,0.0,0.0,239.16666666666683,198.9230769230768,0.0,0.0,0.0,0.0,480.0,960.0,19.0,20.5,12.608894,97.2949864,3.0032666666666645,10.050883411142308,0.104874,0.0630564999999999,0.0,0.0,0.0,0.0,0.107773,0.071396,0.187408,0.089386,56932.4213892,98472.42883200002,1.8,2.4,1.8,0,0,0
brunswickwest3,39.77487350540821,101.02688074085874,0.0,0.0,480.0,960.0,270.0,540.0,0.0,0.622,18.8,15.8,256540.26110502667,851205.1429885066,42.5929246,150.964269,0.0175999999999999,0.039,69.34694333333344,285.1914545454548,0.0,0.0,107.11607142857144,144.1071428571428,0.0,0.0,0.0,0.0,960.0,480.0,17.0,18.2,136.28370959999998,2.2275761000000003,18.919779677419363,0.0008099485420253,0.0691379999999999,0.0600383,0.0,0.0,0.0,0.0,0.10228,0.0548781,0.0758669999999999,0.0543445999999998,57339.556911,97561.568064,1.7,2.8,1.7,0,0,0
northcote1,39.677197540889416,153.9045275360138,0.0,2.0,480.0,1280.0,270.0,720.0,1.406,0.0,10.0,23.4,294439.6872583216,1305733.734506708,42.0778616,59.5224217,0.0472,0.0205,109.77601285266472,84.70697333333338,0.0,0.0,154.96153846153783,156.7741935483872,0.0,0.0,0.0,0.0,1280.0,480.0,26.2,8.2,12.450934899999998,142.27849799999998,0.0011384851016514,2.7342717391301394,0.0560149999999999,0.0612949999999999,0.0,0.0,0.0,0.05859375,0.0524139999999999,0.052902,0.054535,0.0602259999999999,57391.7456889,95541.021168,3.0,2.9,2.9,0,0,0
northcote2,101.77018943068067,105.80104972819792,0.0,0.0,960.0,960.0,540.0,540.0,0.0,2.036,13.6,25.60000000000001,856590.8223118638,844523.9927136851,71.4686718,96.41388580000002,0.0233,0.0501,115.73711011494254,222.0699692307692,0.0,0.0,140.5,176.53333333333327,0.0,0.0,0.0,0.0,960.0,960.0,14.0,11.0,357.5910928,9.019747,2.669225718308372,0.2071067567567519,0.055603,0.05899,0.0,0.0,0.015625,0.0,0.055359,0.055679,0.062256,0.057648,57635.411198400005,98046.508512,3.0,3.0,3.0,0,1,0
northcote3,102.4612538350404,139.91573141362727,0.0,0.0,960.0,1280.0,540.0,720.0,0.254,0.527,11.500000000000002,23.8,847788.9401748481,1189869.2857881642,54.20431140000001,74.5413281,0.0311,0.0242,94.76847767857144,97.34120964912252,0.0,0.0,89.0,101.55555555555532,0.0,0.0,0.0,0.0,1280.0,960.0,25.0,10.3,52.7141914,13.6647772,4.2530663963991655,4.466939460539464,0.05928,0.057449,0.0,0.0,0.0,0.0,0.0524289999999999,0.0579219999999999,0.0544739999999999,0.057892,57503.8758924,98043.107616,2.9,3.0,2.9,0,1,0
